invoice_id,customer_id,invoice_date,due_date,amount,currency
INV-000001,CUST-0004,2025-11-24,2025-12-24,593.69,USD
INV-000002,CUST-0095,2025-04-25,2025-05-25,741.58,USD
INV-000003,CUST-0076,2025-10-07,2025-11-06,465.80,USD
INV-000004,CUST-0028,2025-01-16,2025-02-15,501.23,USD
INV-000005,CUST-0072,2025-11-05,2025-12-05,149.12,USD
INV-000006,CUST-0070,2025-11-29,2025-12-29,3686.96,USD
INV-000007,CUST-0036,2025-08-18,2025-09-17,3099.44,USD
INV-000008,CUST-0044,2025-12-24,2026-01-23,2225.71,USD
INV-000009,CUST-0044,2025-04-21,2025-05-21,4012.90,USD
INV-000010,CUST-0046,2025-07-14,2025-08-13,517.07,USD
INV-000011,CUST-0006,2025-05-16,2025-06-15,4241.67,USD
INV-000012,CUST-0049,2025-03-05,2025-04-04,4845.48,USD
INV-000013,CUST-0081,2025-05-31,2025-06-30,4358.46,USD
INV-000014,CUST-0091,2025-10-23,2025-11-22,1018.14,USD
INV-000015,CUST-0099,2025-12-05,2026-01-04,1204.84,USD
INV-000016,CUST-0013,2025-04-30,2025-05-30,4552.86,USD
INV-000017,CUST-0047,2025-08-21,2025-09-20,3342.81,USD
INV-000018,CUST-0086,2025-07-01,2025-07-31,1108.42,USD
INV-000019,CUST-0010,2025-12-16,2026-01-15,3407.57,USD
INV-000020,CUST-0094,2025-03-29,2025-04-28,2810.43,USD
INV-000021,CUST-0035,2025-08-25,2025-09-24,1999.43,USD
INV-000022,CUST-0088,2025-10-13,2025-11-12,1161.41,USD
INV-000023,CUST-0005,2025-04-28,2025-05-28,4318.61,USD
INV-000024,CUST-0028,2025-05-18,2025-06-17,357.01,USD
INV-000025,CUST-0084,2025-06-11,2025-07-11,1124.77,USD
INV-000026,CUST-0019,2025-11-26,2025-12-26,2415.70,USD
INV-000027,CUST-0072,2025-05-07,2025-06-06,3915.88,USD
INV-000028,CUST-0075,2025-10-27,2025-11-26,2256.22,USD
INV-000029,CUST-0066,2025-04-23,2025-05-23,735.25,USD
INV-000030,CUST-0015,2025-01-25,2025-02-24,4524.65,USD
INV-000031,CUST-0088,2025-03-23,2025-04-22,4162.77,USD
INV-000032,CUST-0049,2025-02-02,2025-03-04,2027.28,USD
INV-000033,CUST-0071,2025-09-28,2025-10-28,1328.13,USD
INV-000034,CUST-0069,2025-02-28,2025-03-30,3584.12,USD
INV-000035,CUST-0038,2025-06-24,2025-07-24,594.85,USD
INV-000036,CUST-0093,2025-08-21,2025-09-20,27.01,USD
INV-000037,CUST-0014,2025-04-02,2025-05-02,2671.71,USD
INV-000038,CUST-0078,2025-11-24,2025-12-24,2671.61,USD
INV-000039,CUST-0021,2025-07-11,2025-08-10,4007.75,USD
INV-000040,CUST-0042,2025-01-01,2025-01-31,3150.19,USD
INV-000041,CUST-0047,2025-02-27,2025-03-29,4881.15,USD
INV-000042,CUST-0073,2025-01-30,2025-03-01,1272.86,USD
INV-000043,CUST-0009,2025-09-06,2025-10-06,4288.31,USD
INV-000044,CUST-0061,2025-03-07,2025-04-06,3468.99,USD
INV-000045,CUST-0078,2025-05-16,2025-06-15,2776.53,USD
INV-000046,CUST-0094,2025-10-04,2025-11-03,3969.76,USD
INV-000047,CUST-0086,2025-06-09,2025-07-09,2101.86,USD
INV-000048,CUST-0067,2025-08-13,2025-09-12,4726.56,USD
INV-000049,CUST-0009,2025-05-07,2025-06-06,1188.06,USD
INV-000050,CUST-0030,2025-10-29,2025-11-28,2914.14,USD
INV-000051,CUST-0091,2025-01-04,2025-02-03,382.20,USD
INV-000052,CUST-0005,2025-04-28,2025-05-28,363.37,USD
INV-000053,CUST-0036,2025-09-21,2025-10-21,1257.82,USD
INV-000054,CUST-0017,2025-04-20,2025-05-20,2837.13,USD
INV-000055,CUST-0061,2025-08-31,2025-09-30,1284.00,USD
INV-000056,CUST-0085,2025-02-18,2025-03-20,518.19,USD
INV-000057,CUST-0060,2025-08-05,2025-09-04,2165.35,USD
INV-000058,CUST-0013,2025-12-01,2025-12-31,3397.84,USD
INV-000059,CUST-0014,2025-06-23,2025-07-23,4207.41,USD
INV-000060,CUST-0058,2025-04-08,2025-05-08,2821.68,USD
INV-000061,CUST-0060,2025-04-04,2025-05-04,1470.37,USD
INV-000062,CUST-0071,2025-08-15,2025-09-14,4246.36,USD
INV-000063,CUST-0002,2025-11-30,2025-12-30,2844.23,USD
INV-000064,CUST-0063,2025-03-27,2025-04-26,2140.78,USD
INV-000065,CUST-0008,2025-07-25,2025-08-24,4741.39,USD
INV-000066,CUST-0034,2025-01-02,2025-02-01,2056.93,USD
INV-000067,CUST-0094,2025-08-05,2025-09-04,3662.14,USD
INV-000068,CUST-0025,2025-09-07,2025-10-07,821.58,USD
INV-000069,CUST-0095,2025-01-30,2025-03-01,3046.57,USD
INV-000070,CUST-0007,2025-06-10,2025-07-10,309.71,USD
INV-000071,CUST-0068,2025-09-15,2025-10-15,4830.23,USD
INV-000072,CUST-0024,2025-09-18,2025-10-18,430.01,USD
INV-000073,CUST-0031,2025-02-04,2025-03-06,3550.05,USD
INV-000074,CUST-0075,2025-10-19,2025-11-18,1300.87,USD
INV-000075,CUST-0054,2025-11-14,2025-12-14,439.82,USD
INV-000076,CUST-0041,2025-10-17,2025-11-16,2750.88,USD
INV-000077,CUST-0041,2025-12-09,2026-01-08,3764.90,USD
INV-000078,CUST-0086,2025-07-22,2025-08-21,696.17,USD
INV-000079,CUST-0097,2025-08-23,2025-09-22,1667.67,USD
INV-000080,CUST-0073,2025-08-23,2025-09-22,3266.66,USD
INV-000081,CUST-0065,2025-10-03,2025-11-02,1127.54,USD
INV-000082,CUST-0009,2025-06-28,2025-07-28,4628.26,USD
INV-000083,CUST-0057,2025-05-26,2025-06-25,837.04,USD
INV-000084,CUST-0084,2025-06-04,2025-07-04,3216.95,USD
INV-000085,CUST-0071,2025-12-08,2026-01-07,4293.97,USD
INV-000086,CUST-0018,2025-02-23,2025-03-25,4932.69,USD
INV-000087,CUST-0071,2025-02-24,2025-03-26,3902.40,USD
INV-000088,CUST-0027,2025-05-25,2025-06-24,3181.05,USD
INV-000089,CUST-0082,2025-04-15,2025-05-15,3614.46,USD
INV-000090,CUST-0007,2025-09-08,2025-10-08,1326.59,USD
INV-000091,CUST-0036,2025-08-05,2025-09-04,4358.17,USD
INV-000092,CUST-0017,2025-06-20,2025-07-20,4052.88,USD
INV-000093,CUST-0057,2025-03-24,2025-04-23,3896.18,USD
INV-000094,CUST-0002,2025-08-07,2025-09-06,2950.76,USD
INV-000095,CUST-0020,2025-12-20,2026-01-19,4749.18,USD
INV-000096,CUST-0071,2025-07-09,2025-08-08,3064.02,USD
INV-000097,CUST-0040,2025-03-07,2025-04-06,229.30,USD
INV-000098,CUST-0088,2025-07-03,2025-08-02,1111.40,USD
INV-000099,CUST-0100,2025-02-22,2025-03-24,1864.29,USD
INV-000100,CUST-0020,2025-11-14,2025-12-14,3939.42,USD
INV-000101,CUST-0053,2025-04-01,2025-05-01,4631.15,USD
INV-000102,CUST-0053,2025-06-20,2025-07-20,4111.95,USD
INV-000103,CUST-0021,2025-05-08,2025-06-07,1408.83,USD
INV-000104,CUST-0005,2025-07-15,2025-08-14,4582.66,USD
INV-000105,CUST-0059,2025-04-13,2025-05-13,4291.26,USD
INV-000106,CUST-0004,2025-04-27,2025-05-27,1178.76,USD
INV-000107,CUST-0036,2025-07-24,2025-08-23,1731.03,USD
INV-000108,CUST-0066,2025-06-29,2025-07-29,3373.21,USD
INV-000109,CUST-0004,2025-10-02,2025-11-01,1746.17,USD
INV-000110,CUST-0034,2025-04-02,2025-05-02,3053.96,USD
INV-000111,CUST-0045,2025-11-02,2025-12-02,2288.36,USD
INV-000112,CUST-0015,2025-11-07,2025-12-07,2691.32,USD
INV-000113,CUST-0006,2025-04-08,2025-05-08,1345.47,USD
INV-000114,CUST-0069,2025-01-01,2025-01-31,2735.87,USD
INV-000115,CUST-0047,2025-12-10,2026-01-09,1043.03,USD
INV-000116,CUST-0043,2025-12-07,2026-01-06,4837.49,USD
INV-000117,CUST-0016,2025-12-06,2026-01-05,4456.04,USD
INV-000118,CUST-0053,2025-06-08,2025-07-08,3506.43,USD
INV-000119,CUST-0071,2025-12-23,2026-01-22,1560.08,USD
INV-000120,CUST-0049,2025-08-04,2025-09-03,3496.14,USD
INV-000121,CUST-0073,2025-03-31,2025-04-30,3237.07,USD
INV-000122,CUST-0001,2025-10-08,2025-11-07,4381.12,USD
INV-000123,CUST-0075,2025-04-18,2025-05-18,2263.85,USD
INV-000124,CUST-0057,2025-06-14,2025-07-14,2447.87,USD
INV-000125,CUST-0061,2025-04-20,2025-05-20,2690.02,USD
INV-000126,CUST-0066,2025-02-13,2025-03-15,1497.85,USD
INV-000127,CUST-0012,2025-11-14,2025-12-14,1767.35,USD
INV-000128,CUST-0026,2025-06-08,2025-07-08,1187.76,USD
INV-000129,CUST-0061,2025-01-24,2025-02-23,1293.68,USD
INV-000130,CUST-0081,2025-08-22,2025-09-21,2182.86,USD
INV-000131,CUST-0064,2025-12-23,2026-01-22,2023.15,USD
INV-000132,CUST-0089,2025-03-17,2025-04-16,3449.63,USD
INV-000133,CUST-0023,2025-08-06,2025-09-05,1157.35,USD
INV-000134,CUST-0072,2025-08-26,2025-09-25,273.28,USD
INV-000135,CUST-0060,2025-08-22,2025-09-21,709.08,USD
INV-000136,CUST-0041,2025-10-14,2025-11-13,3131.88,USD
INV-000137,CUST-0071,2025-09-16,2025-10-16,2247.35,USD
INV-000138,CUST-0034,2025-09-01,2025-10-01,2369.66,USD
INV-000139,CUST-0100,2025-05-22,2025-06-21,4025.06,USD
INV-000140,CUST-0036,2025-11-17,2025-12-17,1264.33,USD
INV-000141,CUST-0035,2025-05-27,2025-06-26,1239.42,USD
INV-000142,CUST-0018,2025-10-04,2025-11-03,432.45,USD
INV-000143,CUST-0020,2025-07-16,2025-08-15,3648.29,USD
INV-000144,CUST-0053,2025-02-02,2025-03-04,2185.10,USD
INV-000145,CUST-0008,2025-08-27,2025-09-26,2189.85,USD
INV-000146,CUST-0099,2025-07-19,2025-08-18,4753.95,USD
INV-000147,CUST-0098,2025-01-11,2025-02-10,4501.74,USD
INV-000148,CUST-0046,2025-09-02,2025-10-02,40.91,USD
INV-000149,CUST-0096,2025-08-03,2025-09-02,2831.82,USD
INV-000150,CUST-0029,2025-04-23,2025-05-23,2569.72,USD
INV-000151,CUST-0050,2025-09-06,2025-10-06,162.17,USD
INV-000152,CUST-0052,2025-12-14,2026-01-13,4194.56,USD
INV-000153,CUST-0069,2025-03-07,2025-04-06,3272.41,USD
INV-000154,CUST-0085,2025-10-31,2025-11-30,2969.03,USD
INV-000155,CUST-0018,2025-11-26,2025-12-26,2257.16,USD
INV-000156,CUST-0049,2025-01-26,2025-02-25,1373.96,USD
INV-000157,CUST-0044,2025-08-21,2025-09-20,1723.61,USD
INV-000158,CUST-0011,2025-08-04,2025-09-03,1332.62,USD
INV-000159,CUST-0045,2025-10-04,2025-11-03,283.07,USD
INV-000160,CUST-0084,2025-02-05,2025-03-07,4105.91,USD
INV-000161,CUST-0003,2025-05-07,2025-06-06,1055.22,USD
INV-000162,CUST-0061,2025-05-03,2025-06-02,671.76,USD
INV-000163,CUST-0028,2025-10-16,2025-11-15,4978.97,USD
INV-000164,CUST-0048,2025-05-12,2025-06-11,4030.75,USD
INV-000165,CUST-0092,2025-11-07,2025-12-07,3931.28,USD
INV-000166,CUST-0075,2025-06-09,2025-07-09,576.74,USD
INV-000167,CUST-0049,2025-10-22,2025-11-21,3561.25,USD
INV-000168,CUST-0076,2025-04-12,2025-05-12,408.44,USD
INV-000169,CUST-0090,2025-05-05,2025-06-04,544.25,USD
INV-000170,CUST-0016,2025-11-04,2025-12-04,4233.28,USD
INV-000171,CUST-0055,2025-06-27,2025-07-27,2803.11,USD
INV-000172,CUST-0083,2025-02-05,2025-03-07,2662.69,USD
INV-000173,CUST-0063,2025-08-04,2025-09-03,4321.38,USD
INV-000174,CUST-0059,2025-07-05,2025-08-04,3342.29,USD
INV-000175,CUST-0094,2025-08-11,2025-09-10,933.46,USD
INV-000176,CUST-0069,2025-05-19,2025-06-18,3239.15,USD
INV-000177,CUST-0094,2025-08-12,2025-09-11,4339.22,USD
INV-000178,CUST-0032,2025-06-15,2025-07-15,4475.42,USD
INV-000179,CUST-0097,2025-08-19,2025-09-18,1288.54,USD
INV-000180,CUST-0049,2025-11-09,2025-12-09,3513.23,USD
INV-000181,CUST-0042,2025-09-11,2025-10-11,4471.44,USD
INV-000182,CUST-0034,2025-04-19,2025-05-19,1870.30,USD
INV-000183,CUST-0036,2025-11-02,2025-12-02,3686.22,USD
INV-000184,CUST-0025,2025-09-22,2025-10-22,4980.57,USD
INV-000185,CUST-0072,2025-07-28,2025-08-27,2571.55,USD
INV-000186,CUST-0092,2025-09-01,2025-10-01,3396.39,USD
INV-000187,CUST-0038,2025-01-09,2025-02-08,497.86,USD
INV-000188,CUST-0040,2025-12-21,2026-01-20,1285.61,USD
INV-000189,CUST-0071,2025-07-08,2025-08-07,2491.24,USD
INV-000190,CUST-0071,2025-08-06,2025-09-05,3920.84,USD
INV-000191,CUST-0035,2025-12-26,2026-01-25,2388.93,USD
INV-000192,CUST-0093,2025-04-29,2025-05-29,642.58,USD
INV-000193,CUST-0069,2025-03-03,2025-04-02,3904.83,USD
INV-000194,CUST-0095,2025-04-09,2025-05-09,1144.47,USD
INV-000195,CUST-0068,2025-10-29,2025-11-28,3995.67,USD
INV-000196,CUST-0025,2025-02-21,2025-03-23,4375.37,USD
INV-000197,CUST-0039,2025-07-04,2025-08-03,950.79,USD
INV-000198,CUST-0036,2025-10-01,2025-10-31,673.65,USD
INV-000199,CUST-0090,2025-10-11,2025-11-10,1541.63,USD
INV-000200,CUST-0002,2025-09-09,2025-10-09,547.85,USD
INV-000201,CUST-0057,2025-08-29,2025-09-28,2519.84,USD
INV-000202,CUST-0062,2025-01-27,2025-02-26,1333.71,USD
INV-000203,CUST-0010,2025-07-25,2025-08-24,2588.16,USD
INV-000204,CUST-0020,2025-12-18,2026-01-17,291.06,USD
INV-000205,CUST-0032,2025-06-05,2025-07-05,456.59,USD
INV-000206,CUST-0077,2025-08-02,2025-09-01,3188.85,USD
INV-000207,CUST-0058,2025-09-25,2025-10-25,2004.27,USD
INV-000208,CUST-0040,2025-10-29,2025-11-28,2258.30,USD
INV-000209,CUST-0095,2025-01-31,2025-03-02,3206.22,USD
INV-000210,CUST-0034,2025-11-17,2025-12-17,1116.37,USD
INV-000211,CUST-0023,2025-03-22,2025-04-21,1267.58,USD
INV-000212,CUST-0053,2025-03-22,2025-04-21,24.02,USD
INV-000213,CUST-0038,2025-11-01,2025-12-01,2473.69,USD
INV-000214,CUST-0037,2025-05-28,2025-06-27,3716.48,USD
INV-000215,CUST-0030,2025-02-06,2025-03-08,3613.87,USD
INV-000216,CUST-0026,2025-10-29,2025-11-28,3476.50,USD
INV-000217,CUST-0083,2025-10-06,2025-11-05,1188.64,USD
INV-000218,CUST-0008,2025-03-14,2025-04-13,384.39,USD
INV-000219,CUST-0073,2025-11-01,2025-12-01,3936.69,USD
INV-000220,CUST-0089,2025-03-05,2025-04-04,2467.32,USD
INV-000221,CUST-0035,2025-07-26,2025-08-25,4952.33,USD
INV-000222,CUST-0011,2025-09-10,2025-10-10,2305.11,USD
INV-000223,CUST-0042,2025-08-10,2025-09-09,3861.07,USD
INV-000224,CUST-0030,2025-01-14,2025-02-13,488.81,USD
INV-000225,CUST-0003,2025-10-28,2025-11-27,4994.85,USD
INV-000226,CUST-0098,2025-10-23,2025-11-22,220.92,USD
INV-000227,CUST-0057,2025-09-23,2025-10-23,3425.78,USD
INV-000228,CUST-0082,2025-10-27,2025-11-26,2295.29,USD
INV-000229,CUST-0053,2025-08-29,2025-09-28,1834.31,USD
INV-000230,CUST-0021,2025-12-10,2026-01-09,558.40,USD
INV-000231,CUST-0037,2025-12-22,2026-01-21,2607.68,USD
INV-000232,CUST-0059,2025-10-09,2025-11-08,202.39,USD
INV-000233,CUST-0015,2025-05-10,2025-06-09,1704.88,USD
INV-000234,CUST-0070,2025-01-01,2025-01-31,3458.03,USD
INV-000235,CUST-0067,2025-01-28,2025-02-27,993.47,USD
INV-000236,CUST-0057,2025-09-13,2025-10-13,3288.94,USD
INV-000237,CUST-0017,2025-05-17,2025-06-16,2889.49,USD
INV-000238,CUST-0016,2025-12-24,2026-01-23,2551.28,USD
INV-000239,CUST-0031,2025-11-08,2025-12-08,4200.70,USD
INV-000240,CUST-0002,2025-06-09,2025-07-09,2897.98,USD
INV-000241,CUST-0015,2025-02-17,2025-03-19,1188.07,USD
INV-000242,CUST-0020,2025-11-28,2025-12-28,4372.82,USD
INV-000243,CUST-0091,2025-05-30,2025-06-29,2677.95,USD
INV-000244,CUST-0032,2025-09-05,2025-10-05,2485.79,USD
INV-000245,CUST-0025,2025-03-16,2025-04-15,2021.09,USD
INV-000246,CUST-0009,2025-03-11,2025-04-10,4539.98,USD
INV-000247,CUST-0065,2025-06-24,2025-07-24,4908.15,USD
INV-000248,CUST-0039,2025-05-25,2025-06-24,3816.59,USD
INV-000249,CUST-0020,2025-12-04,2026-01-03,2577.12,USD
INV-000250,CUST-0043,2025-09-05,2025-10-05,1819.44,USD
INV-000251,CUST-0042,2025-07-13,2025-08-12,2397.31,USD
INV-000252,CUST-0050,2025-05-03,2025-06-02,3007.86,USD
INV-000253,CUST-0096,2025-01-23,2025-02-22,1678.16,USD
INV-000254,CUST-0085,2025-07-15,2025-08-14,2034.16,USD
INV-000255,CUST-0017,2025-09-11,2025-10-11,204.08,USD
INV-000256,CUST-0013,2025-06-19,2025-07-19,4569.73,USD
INV-000257,CUST-0059,2025-09-27,2025-10-27,4783.33,USD
INV-000258,CUST-0084,2025-03-15,2025-04-14,2159.46,USD
INV-000259,CUST-0034,2025-08-29,2025-09-28,4107.44,USD
INV-000260,CUST-0084,2025-12-21,2026-01-20,2093.95,USD
INV-000261,CUST-0069,2025-12-12,2026-01-11,4515.42,USD
INV-000262,CUST-0098,2025-11-17,2025-12-17,3778.14,USD
INV-000263,CUST-0009,2025-01-19,2025-02-18,3247.26,USD
INV-000264,CUST-0037,2025-12-17,2026-01-16,4838.32,USD
INV-000265,CUST-0013,2025-02-16,2025-03-18,2285.26,USD
INV-000266,CUST-0022,2025-02-21,2025-03-23,2336.15,USD
INV-000267,CUST-0042,2025-01-15,2025-02-14,251.12,USD
INV-000268,CUST-0056,2025-07-03,2025-08-02,1975.24,USD
INV-000269,CUST-0073,2025-09-29,2025-10-29,2170.33,USD
INV-000270,CUST-0011,2025-03-29,2025-04-28,927.86,USD
INV-000271,CUST-0031,2025-11-14,2025-12-14,3591.59,USD
INV-000272,CUST-0060,2025-03-15,2025-04-14,1227.33,USD
INV-000273,CUST-0086,2025-08-24,2025-09-23,1348.64,USD
INV-000274,CUST-0070,2025-05-28,2025-06-27,3562.63,USD
INV-000275,CUST-0045,2025-08-15,2025-09-14,4965.75,USD
INV-000276,CUST-0089,2025-11-24,2025-12-24,2234.60,USD
INV-000277,CUST-0050,2025-06-04,2025-07-04,1054.47,USD
INV-000278,CUST-0074,2025-05-02,2025-06-01,2009.44,USD
INV-000279,CUST-0038,2025-06-01,2025-07-01,3676.23,USD
INV-000280,CUST-0002,2025-07-22,2025-08-21,1449.06,USD
INV-000281,CUST-0078,2025-01-26,2025-02-25,4784.25,USD
INV-000282,CUST-0046,2025-04-28,2025-05-28,3192.76,USD
INV-000283,CUST-0033,2025-04-08,2025-05-08,3265.25,USD
INV-000284,CUST-0018,2025-12-04,2026-01-03,3579.64,USD
INV-000285,CUST-0006,2025-11-18,2025-12-18,3398.68,USD
INV-000286,CUST-0047,2025-01-18,2025-02-17,3048.63,USD
INV-000287,CUST-0096,2025-06-01,2025-07-01,1722.94,USD
INV-000288,CUST-0070,2025-04-13,2025-05-13,702.89,USD
INV-000289,CUST-0035,2025-09-14,2025-10-14,4799.30,USD
INV-000290,CUST-0038,2025-09-04,2025-10-04,4238.32,USD
INV-000291,CUST-0019,2025-08-28,2025-09-27,404.78,USD
INV-000292,CUST-0072,2025-12-12,2026-01-11,2093.58,USD
INV-000293,CUST-0034,2025-07-22,2025-08-21,82.97,USD
INV-000294,CUST-0087,2025-08-21,2025-09-20,1942.45,USD
INV-000295,CUST-0082,2025-10-27,2025-11-26,2007.67,USD
INV-000296,CUST-0061,2025-12-12,2026-01-11,1235.90,USD
INV-000297,CUST-0079,2025-10-15,2025-11-14,1729.69,USD
INV-000298,CUST-0060,2025-02-02,2025-03-04,3341.34,USD
INV-000299,CUST-0015,2025-11-29,2025-12-29,2150.64,USD
INV-000300,CUST-0064,2025-01-20,2025-02-19,1605.74,USD
INV-000301,CUST-0069,2025-05-01,2025-05-31,4661.79,USD
INV-000302,CUST-0086,2025-08-21,2025-09-20,1955.16,USD
INV-000303,CUST-0096,2025-08-03,2025-09-02,3089.35,USD
INV-000304,CUST-0063,2025-12-02,2026-01-01,529.15,USD
INV-000305,CUST-0089,2025-05-24,2025-06-23,181.52,USD
INV-000306,CUST-0031,2025-08-16,2025-09-15,2341.48,USD
INV-000307,CUST-0070,2025-12-18,2026-01-17,1935.89,USD
INV-000308,CUST-0036,2025-02-01,2025-03-03,2097.39,USD
INV-000309,CUST-0085,2025-08-21,2025-09-20,490.63,USD
INV-000310,CUST-0003,2025-11-24,2025-12-24,3140.76,USD
INV-000311,CUST-0073,2025-05-05,2025-06-04,670.20,USD
INV-000312,CUST-0076,2025-10-11,2025-11-10,1096.10,USD
INV-000313,CUST-0019,2025-06-18,2025-07-18,4069.92,USD
INV-000314,CUST-0019,2025-05-22,2025-06-21,4510.52,USD
INV-000315,CUST-0023,2025-05-09,2025-06-08,4196.51,USD
INV-000316,CUST-0002,2025-01-14,2025-02-13,701.02,USD
INV-000317,CUST-0003,2025-10-29,2025-11-28,1707.49,USD
INV-000318,CUST-0095,2025-01-27,2025-02-26,674.57,USD
INV-000319,CUST-0009,2025-02-28,2025-03-30,3919.43,USD
INV-000320,CUST-0076,2025-07-05,2025-08-04,2700.84,USD
INV-000321,CUST-0079,2025-09-15,2025-10-15,1171.55,USD
INV-000322,CUST-0039,2025-12-04,2026-01-03,2743.90,USD
INV-000323,CUST-0062,2025-01-16,2025-02-15,328.90,USD
INV-000324,CUST-0063,2025-12-18,2026-01-17,576.03,USD
INV-000325,CUST-0011,2025-02-07,2025-03-09,4724.74,USD
INV-000326,CUST-0017,2025-03-17,2025-04-16,354.36,USD
INV-000327,CUST-0071,2025-11-21,2025-12-21,3078.99,USD
INV-000328,CUST-0068,2025-07-15,2025-08-14,3142.05,USD
INV-000329,CUST-0056,2025-09-16,2025-10-16,3184.18,USD
INV-000330,CUST-0084,2025-02-28,2025-03-30,4481.08,USD
INV-000331,CUST-0058,2025-04-21,2025-05-21,2264.80,USD
INV-000332,CUST-0059,2025-06-23,2025-07-23,4348.05,USD
INV-000333,CUST-0055,2025-02-18,2025-03-20,1648.65,USD
INV-000334,CUST-0020,2025-05-11,2025-06-10,1972.41,USD
INV-000335,CUST-0011,2025-02-04,2025-03-06,488.28,USD
INV-000336,CUST-0095,2025-02-19,2025-03-21,3913.79,USD
INV-000337,CUST-0076,2025-10-12,2025-11-11,324.47,USD
INV-000338,CUST-0016,2025-06-18,2025-07-18,3522.79,USD
INV-000339,CUST-0097,2025-12-07,2026-01-06,4944.23,USD
INV-000340,CUST-0077,2025-01-27,2025-02-26,1518.00,USD
INV-000341,CUST-0065,2025-02-23,2025-03-25,3039.95,USD
INV-000342,CUST-0029,2025-12-03,2026-01-02,2538.06,USD
INV-000343,CUST-0015,2025-10-12,2025-11-11,1937.07,USD
INV-000344,CUST-0055,2025-04-26,2025-05-26,4242.16,USD
INV-000345,CUST-0083,2025-11-11,2025-12-11,3548.82,USD
INV-000346,CUST-0085,2025-11-08,2025-12-08,4881.07,USD
INV-000347,CUST-0035,2025-01-15,2025-02-14,955.89,USD
INV-000348,CUST-0001,2025-06-23,2025-07-23,1850.37,USD
INV-000349,CUST-0052,2025-10-17,2025-11-16,3456.37,USD
INV-000350,CUST-0012,2025-11-21,2025-12-21,170.73,USD
INV-000351,CUST-0059,2025-07-12,2025-08-11,2211.13,USD
INV-000352,CUST-0093,2025-07-09,2025-08-08,1643.87,USD
INV-000353,CUST-0007,2025-11-02,2025-12-02,455.41,USD
INV-000354,CUST-0087,2025-11-13,2025-12-13,270.89,USD
INV-000355,CUST-0055,2025-08-15,2025-09-14,3480.46,USD
INV-000356,CUST-0035,2025-08-15,2025-09-14,2181.51,USD
INV-000357,CUST-0056,2025-02-28,2025-03-30,1819.69,USD
INV-000358,CUST-0076,2025-12-14,2026-01-13,3567.22,USD
INV-000359,CUST-0006,2025-12-08,2026-01-07,1627.00,USD
INV-000360,CUST-0001,2025-11-03,2025-12-03,297.21,USD
INV-000361,CUST-0018,2025-04-19,2025-05-19,4033.12,USD
INV-000362,CUST-0001,2025-06-17,2025-07-17,639.06,USD
INV-000363,CUST-0017,2025-08-09,2025-09-08,931.14,USD
INV-000364,CUST-0065,2025-12-27,2026-01-26,1216.44,USD
INV-000365,CUST-0051,2025-07-01,2025-07-31,387.88,USD
INV-000366,CUST-0010,2025-01-10,2025-02-09,2420.43,USD
INV-000367,CUST-0052,2025-08-08,2025-09-07,3016.26,USD
INV-000368,CUST-0015,2025-08-02,2025-09-01,1527.89,USD
INV-000369,CUST-0080,2025-06-16,2025-07-16,911.11,USD
INV-000370,CUST-0056,2025-07-05,2025-08-04,472.05,USD
INV-000371,CUST-0052,2025-08-12,2025-09-11,3097.38,USD
INV-000372,CUST-0040,2025-07-22,2025-08-21,4574.05,USD
INV-000373,CUST-0022,2025-06-20,2025-07-20,4094.82,USD
INV-000374,CUST-0068,2025-11-21,2025-12-21,607.82,USD
INV-000375,CUST-0094,2025-06-28,2025-07-28,1850.77,USD
INV-000376,CUST-0019,2025-05-01,2025-05-31,548.99,USD
INV-000377,CUST-0020,2025-03-30,2025-04-29,3168.30,USD
INV-000378,CUST-0099,2025-04-01,2025-05-01,4997.51,USD
INV-000379,CUST-0073,2025-08-26,2025-09-25,3965.46,USD
INV-000380,CUST-0073,2025-12-15,2026-01-14,4855.22,USD
INV-000381,CUST-0081,2025-11-16,2025-12-16,1704.54,USD
INV-000382,CUST-0061,2025-08-14,2025-09-13,368.01,USD
INV-000383,CUST-0036,2025-06-05,2025-07-05,4185.06,USD
INV-000384,CUST-0010,2025-06-30,2025-07-30,2669.90,USD
INV-000385,CUST-0008,2025-08-20,2025-09-19,207.17,USD
INV-000386,CUST-0012,2025-02-09,2025-03-11,3389.90,USD
INV-000387,CUST-0060,2025-09-17,2025-10-17,2025.79,USD
INV-000388,CUST-0074,2025-01-22,2025-02-21,2367.89,USD
INV-000389,CUST-0061,2025-06-14,2025-07-14,3181.97,USD
INV-000390,CUST-0014,2025-02-01,2025-03-03,2372.03,USD
INV-000391,CUST-0083,2025-02-13,2025-03-15,2655.28,USD
INV-000392,CUST-0057,2025-05-07,2025-06-06,3719.97,USD
INV-000393,CUST-0021,2025-09-25,2025-10-25,3207.13,USD
INV-000394,CUST-0053,2025-05-25,2025-06-24,2041.17,USD
INV-000395,CUST-0081,2025-11-03,2025-12-03,284.54,USD
INV-000396,CUST-0013,2025-02-03,2025-03-05,1738.52,USD
INV-000397,CUST-0033,2025-07-17,2025-08-16,1499.74,USD
INV-000398,CUST-0011,2025-03-18,2025-04-17,1757.77,USD
INV-000399,CUST-0045,2025-03-14,2025-04-13,4816.39,USD
INV-000400,CUST-0051,2025-12-24,2026-01-23,3481.49,USD
INV-000401,CUST-0011,2025-12-29,2026-01-28,4927.83,USD
INV-000402,CUST-0043,2025-07-12,2025-08-11,3383.75,USD
INV-000403,CUST-0095,2025-12-26,2026-01-25,4356.13,USD
INV-000404,CUST-0086,2025-02-17,2025-03-19,3397.03,USD
INV-000405,CUST-0047,2025-07-05,2025-08-04,105.58,USD
INV-000406,CUST-0099,2025-04-20,2025-05-20,1801.66,USD
INV-000407,CUST-0020,2025-04-26,2025-05-26,731.23,USD
INV-000408,CUST-0099,2025-02-21,2025-03-23,2671.75,USD
INV-000409,CUST-0085,2025-09-27,2025-10-27,207.90,USD
INV-000410,CUST-0049,2025-03-09,2025-04-08,3141.29,USD
INV-000411,CUST-0089,2025-04-03,2025-05-03,4368.64,USD
INV-000412,CUST-0053,2025-08-13,2025-09-12,239.07,USD
INV-000413,CUST-0079,2025-05-02,2025-06-01,2338.88,USD
INV-000414,CUST-0069,2025-08-18,2025-09-17,1236.84,USD
INV-000415,CUST-0025,2025-08-29,2025-09-28,4749.42,USD
INV-000416,CUST-0060,2025-10-20,2025-11-19,2319.99,USD
INV-000417,CUST-0054,2025-09-15,2025-10-15,2775.40,USD
INV-000418,CUST-0033,2025-11-06,2025-12-06,735.60,USD
INV-000419,CUST-0048,2025-09-04,2025-10-04,4592.89,USD
INV-000420,CUST-0067,2025-12-31,2026-01-30,4444.91,USD
INV-000421,CUST-0021,2025-02-12,2025-03-14,4010.92,USD
INV-000422,CUST-0056,2025-09-20,2025-10-20,782.53,USD
INV-000423,CUST-0045,2025-08-19,2025-09-18,4648.00,USD
INV-000424,CUST-0065,2025-01-28,2025-02-27,2088.56,USD
INV-000425,CUST-0048,2025-07-17,2025-08-16,437.84,USD
INV-000426,CUST-0013,2025-06-13,2025-07-13,4890.20,USD
INV-000427,CUST-0019,2025-06-21,2025-07-21,4159.11,USD
INV-000428,CUST-0061,2025-05-27,2025-06-26,4819.79,USD
INV-000429,CUST-0058,2025-12-28,2026-01-27,2469.48,USD
INV-000430,CUST-0033,2025-02-10,2025-03-12,109.63,USD
INV-000431,CUST-0094,2025-10-08,2025-11-07,4939.49,USD
INV-000432,CUST-0100,2025-08-05,2025-09-04,592.93,USD
INV-000433,CUST-0007,2025-06-04,2025-07-04,648.83,USD
INV-000434,CUST-0080,2025-11-24,2025-12-24,4172.31,USD
INV-000435,CUST-0064,2025-02-26,2025-03-28,4396.65,USD
INV-000436,CUST-0066,2025-01-09,2025-02-08,3323.26,USD
INV-000437,CUST-0055,2025-03-15,2025-04-14,1537.10,USD
INV-000438,CUST-0074,2025-06-30,2025-07-30,1271.24,USD
INV-000439,CUST-0011,2025-12-07,2026-01-06,3513.37,USD
INV-000440,CUST-0070,2025-02-04,2025-03-06,2768.06,USD
INV-000441,CUST-0050,2025-10-11,2025-11-10,116.61,USD
INV-000442,CUST-0048,2025-11-22,2025-12-22,2038.37,USD
INV-000443,CUST-0009,2025-01-09,2025-02-08,1882.20,USD
INV-000444,CUST-0014,2025-12-03,2026-01-02,3303.87,USD
INV-000445,CUST-0006,2025-06-20,2025-07-20,709.45,USD
INV-000446,CUST-0083,2025-06-23,2025-07-23,4275.12,USD
INV-000447,CUST-0062,2025-08-26,2025-09-25,3655.84,USD
INV-000448,CUST-0092,2025-03-11,2025-04-10,340.82,USD
INV-000449,CUST-0006,2025-05-31,2025-06-30,1066.91,USD
INV-000450,CUST-0040,2025-06-11,2025-07-11,4903.55,USD
INV-000451,CUST-0033,2025-10-06,2025-11-05,2491.97,USD
INV-000452,CUST-0046,2025-04-08,2025-05-08,1510.04,USD
INV-000453,CUST-0016,2025-06-19,2025-07-19,1442.44,USD
INV-000454,CUST-0057,2025-07-24,2025-08-23,3907.07,USD
INV-000455,CUST-0089,2025-04-06,2025-05-06,2611.53,USD
INV-000456,CUST-0011,2025-09-23,2025-10-23,1408.38,USD
INV-000457,CUST-0024,2025-08-09,2025-09-08,3168.59,USD
INV-000458,CUST-0011,2025-06-14,2025-07-14,547.90,USD
INV-000459,CUST-0058,2025-06-01,2025-07-01,1616.92,USD
INV-000460,CUST-0089,2025-08-07,2025-09-06,883.69,USD
INV-000461,CUST-0094,2025-08-17,2025-09-16,232.06,USD
INV-000462,CUST-0082,2025-08-11,2025-09-10,1449.46,USD
INV-000463,CUST-0052,2025-12-10,2026-01-09,3352.40,USD
INV-000464,CUST-0004,2025-12-14,2026-01-13,848.79,USD
INV-000465,CUST-0057,2025-12-14,2026-01-13,4106.32,USD
INV-000466,CUST-0100,2025-02-04,2025-03-06,1247.29,USD
INV-000467,CUST-0073,2025-07-05,2025-08-04,2017.25,USD
INV-000468,CUST-0058,2025-03-20,2025-04-19,3570.24,USD
INV-000469,CUST-0010,2025-08-16,2025-09-15,4010.76,USD
INV-000470,CUST-0051,2025-09-29,2025-10-29,1933.87,USD
INV-000471,CUST-0015,2025-05-23,2025-06-22,1318.68,USD
INV-000472,CUST-0067,2025-04-06,2025-05-06,2626.42,USD
INV-000473,CUST-0100,2025-03-02,2025-04-01,1382.46,USD
INV-000474,CUST-0079,2025-08-17,2025-09-16,1134.96,USD
INV-000475,CUST-0016,2025-09-09,2025-10-09,1059.51,USD
INV-000476,CUST-0092,2025-08-20,2025-09-19,915.21,USD
INV-000477,CUST-0041,2025-12-16,2026-01-15,4442.96,USD
INV-000478,CUST-0071,2025-12-30,2026-01-29,350.46,USD
INV-000479,CUST-0021,2025-06-03,2025-07-03,4473.58,USD
INV-000480,CUST-0023,2025-12-25,2026-01-24,3353.38,USD
INV-000481,CUST-0026,2025-04-25,2025-05-25,646.28,USD
INV-000482,CUST-0047,2025-09-10,2025-10-10,147.80,USD
INV-000483,CUST-0071,2025-07-08,2025-08-07,2460.55,USD
INV-000484,CUST-0040,2025-02-14,2025-03-16,354.70,USD
INV-000485,CUST-0053,2025-09-03,2025-10-03,2766.15,USD
INV-000486,CUST-0041,2025-02-07,2025-03-09,667.07,USD
INV-000487,CUST-0088,2025-08-19,2025-09-18,2452.30,USD
INV-000488,CUST-0100,2025-03-07,2025-04-06,4613.03,USD
INV-000489,CUST-0099,2025-10-28,2025-11-27,964.01,USD
INV-000490,CUST-0008,2025-09-15,2025-10-15,4784.75,USD
INV-000491,CUST-0022,2025-03-20,2025-04-19,1604.48,USD
INV-000492,CUST-0045,2025-12-30,2026-01-29,1192.11,USD
INV-000493,CUST-0026,2025-02-10,2025-03-12,1323.89,USD
INV-000494,CUST-0081,2025-05-21,2025-06-20,666.25,USD
INV-000495,CUST-0065,2025-10-01,2025-10-31,499.83,USD
INV-000496,CUST-0075,2025-10-31,2025-11-30,4946.73,USD
INV-000497,CUST-0093,2025-12-04,2026-01-03,3284.06,USD
INV-000498,CUST-0004,2025-10-16,2025-11-15,225.97,USD
INV-000499,CUST-0074,2025-11-25,2025-12-25,4052.37,USD
INV-000500,CUST-0074,2025-04-18,2025-05-18,4031.07,USD
INV-000501,CUST-0064,2025-11-24,2025-12-24,168.78,USD
INV-000502,CUST-0039,2025-05-29,2025-06-28,3375.44,USD
INV-000503,CUST-0039,2025-12-17,2026-01-16,2139.09,USD
INV-000504,CUST-0021,2025-12-19,2026-01-18,324.11,USD
INV-000505,CUST-0027,2025-09-05,2025-10-05,2445.01,USD
INV-000506,CUST-0092,2025-03-15,2025-04-14,1648.83,USD
INV-000507,CUST-0017,2025-06-26,2025-07-26,2100.42,USD
INV-000508,CUST-0041,2025-10-15,2025-11-14,566.70,USD
INV-000509,CUST-0058,2025-03-04,2025-04-03,1412.32,USD
INV-000510,CUST-0038,2025-02-19,2025-03-21,275.31,USD
INV-000511,CUST-0021,2025-08-03,2025-09-02,1311.65,USD
INV-000512,CUST-0098,2025-06-10,2025-07-10,1005.27,USD
INV-000513,CUST-0064,2025-09-21,2025-10-21,2457.45,USD
INV-000514,CUST-0051,2025-01-12,2025-02-11,482.11,USD
INV-000515,CUST-0075,2025-05-04,2025-06-03,1137.97,USD
INV-000516,CUST-0064,2025-01-26,2025-02-25,1485.11,USD
INV-000517,CUST-0037,2025-12-11,2026-01-10,2477.23,USD
INV-000518,CUST-0018,2025-02-25,2025-03-27,2269.30,USD
INV-000519,CUST-0052,2025-07-07,2025-08-06,4014.80,USD
INV-000520,CUST-0073,2025-07-25,2025-08-24,278.21,USD
INV-000521,CUST-0037,2025-07-05,2025-08-04,2910.48,USD
INV-000522,CUST-0098,2025-09-16,2025-10-16,2371.15,USD
INV-000523,CUST-0079,2025-11-16,2025-12-16,3577.24,USD
INV-000524,CUST-0048,2025-02-19,2025-03-21,2075.18,USD
INV-000525,CUST-0019,2025-07-07,2025-08-06,3968.19,USD
INV-000526,CUST-0065,2025-09-18,2025-10-18,2114.42,USD
INV-000527,CUST-0092,2025-01-20,2025-02-19,728.46,USD
INV-000528,CUST-0020,2025-09-23,2025-10-23,2405.93,USD
INV-000529,CUST-0079,2025-03-13,2025-04-12,1729.48,USD
INV-000530,CUST-0095,2025-07-21,2025-08-20,3242.23,USD
INV-000531,CUST-0066,2025-06-22,2025-07-22,2669.79,USD
INV-000532,CUST-0039,2025-12-29,2026-01-28,2961.34,USD
INV-000533,CUST-0087,2025-07-08,2025-08-07,1746.64,USD
INV-000534,CUST-0093,2025-10-26,2025-11-25,1623.11,USD
INV-000535,CUST-0061,2025-01-14,2025-02-13,3139.52,USD
INV-000536,CUST-0030,2025-10-24,2025-11-23,3038.46,USD
INV-000537,CUST-0068,2025-09-03,2025-10-03,903.97,USD
INV-000538,CUST-0049,2025-11-14,2025-12-14,4071.16,USD
INV-000539,CUST-0074,2025-05-05,2025-06-04,175.52,USD
INV-000540,CUST-0057,2025-04-08,2025-05-08,109.28,USD
INV-000541,CUST-0089,2025-03-19,2025-04-18,2175.10,USD
INV-000542,CUST-0079,2025-09-14,2025-10-14,4073.08,USD
INV-000543,CUST-0018,2025-02-01,2025-03-03,3710.29,USD
INV-000544,CUST-0085,2025-10-15,2025-11-14,1714.19,USD
INV-000545,CUST-0023,2025-07-12,2025-08-11,1654.96,USD
INV-000546,CUST-0046,2025-06-25,2025-07-25,2874.04,USD
INV-000547,CUST-0089,2025-12-15,2026-01-14,3382.79,USD
INV-000548,CUST-0032,2025-09-05,2025-10-05,1018.01,USD
INV-000549,CUST-0039,2025-06-02,2025-07-02,1188.95,USD
INV-000550,CUST-0091,2025-04-17,2025-05-17,3628.84,USD
INV-000551,CUST-0072,2025-09-03,2025-10-03,1838.73,USD
INV-000552,CUST-0087,2025-03-04,2025-04-03,3016.67,USD
INV-000553,CUST-0045,2025-07-22,2025-08-21,4300.65,USD
INV-000554,CUST-0092,2025-01-22,2025-02-21,1518.01,USD
INV-000555,CUST-0033,2025-08-15,2025-09-14,3449.18,USD
INV-000556,CUST-0069,2025-04-14,2025-05-14,4350.85,USD
INV-000557,CUST-0018,2025-12-23,2026-01-22,1434.07,USD
INV-000558,CUST-0032,2025-10-28,2025-11-27,1264.52,USD
INV-000559,CUST-0082,2025-09-29,2025-10-29,1193.16,USD
INV-000560,CUST-0043,2025-02-21,2025-03-23,2176.88,USD
INV-000561,CUST-0099,2025-02-21,2025-03-23,3581.40,USD
INV-000562,CUST-0021,2025-10-09,2025-11-08,4881.15,USD
INV-000563,CUST-0084,2025-09-01,2025-10-01,2513.20,USD
INV-000564,CUST-0083,2025-06-14,2025-07-14,1506.39,USD
INV-000565,CUST-0030,2025-11-30,2025-12-30,3020.11,USD
INV-000566,CUST-0023,2025-01-20,2025-02-19,4797.95,USD
INV-000567,CUST-0051,2025-01-19,2025-02-18,4394.11,USD
INV-000568,CUST-0005,2025-05-29,2025-06-28,4606.65,USD
INV-000569,CUST-0014,2025-10-18,2025-11-17,3170.31,USD
INV-000570,CUST-0070,2025-08-21,2025-09-20,3372.32,USD
INV-000571,CUST-0065,2025-03-10,2025-04-09,4472.00,USD
INV-000572,CUST-0015,2025-04-09,2025-05-09,4250.51,USD
INV-000573,CUST-0033,2025-08-23,2025-09-22,3408.88,USD
INV-000574,CUST-0044,2025-01-08,2025-02-07,3871.99,USD
INV-000575,CUST-0025,2025-12-12,2026-01-11,3980.34,USD
INV-000576,CUST-0052,2025-11-24,2025-12-24,4713.08,USD
INV-000577,CUST-0052,2025-06-17,2025-07-17,464.75,USD
INV-000578,CUST-0062,2025-04-05,2025-05-05,747.21,USD
INV-000579,CUST-0050,2025-01-04,2025-02-03,1377.26,USD
INV-000580,CUST-0039,2025-05-17,2025-06-16,1738.18,USD
INV-000581,CUST-0034,2025-10-21,2025-11-20,69.95,USD
INV-000582,CUST-0008,2025-12-21,2026-01-20,1248.90,USD
INV-000583,CUST-0021,2025-08-27,2025-09-26,1618.54,USD
INV-000584,CUST-0091,2025-09-15,2025-10-15,4849.73,USD
INV-000585,CUST-0038,2025-03-02,2025-04-01,3358.68,USD
INV-000586,CUST-0018,2025-04-24,2025-05-24,1158.86,USD
INV-000587,CUST-0078,2025-08-21,2025-09-20,3930.28,USD
INV-000588,CUST-0061,2025-12-26,2026-01-25,2889.57,USD
INV-000589,CUST-0032,2025-04-22,2025-05-22,4004.33,USD
INV-000590,CUST-0058,2025-02-11,2025-03-13,2765.16,USD
INV-000591,CUST-0073,2025-07-05,2025-08-04,419.48,USD
INV-000592,CUST-0065,2025-10-08,2025-11-07,4743.73,USD
INV-000593,CUST-0022,2025-10-02,2025-11-01,795.65,USD
INV-000594,CUST-0088,2025-08-15,2025-09-14,619.43,USD
INV-000595,CUST-0012,2025-10-26,2025-11-25,2572.86,USD
INV-000596,CUST-0017,2025-01-29,2025-02-28,2387.29,USD
INV-000597,CUST-0008,2025-08-22,2025-09-21,2966.51,USD
INV-000598,CUST-0040,2025-12-11,2026-01-10,4240.56,USD
INV-000599,CUST-0001,2025-05-11,2025-06-10,4290.56,USD
INV-000600,CUST-0055,2025-02-07,2025-03-09,247.44,USD
INV-000601,CUST-0008,2025-02-02,2025-03-04,2847.25,USD
INV-000602,CUST-0053,2025-01-17,2025-02-16,1515.18,USD
INV-000603,CUST-0083,2025-11-25,2025-12-25,3833.57,USD
INV-000604,CUST-0049,2025-07-15,2025-08-14,2361.62,USD
INV-000605,CUST-0070,2025-12-16,2026-01-15,3479.69,USD
INV-000606,CUST-0023,2025-06-28,2025-07-28,631.97,USD
INV-000607,CUST-0094,2025-09-28,2025-10-28,677.66,USD
INV-000608,CUST-0060,2025-01-12,2025-02-11,1574.28,USD
INV-000609,CUST-0069,2025-10-06,2025-11-05,2233.65,USD
INV-000610,CUST-0045,2025-05-07,2025-06-06,2425.00,USD
INV-000611,CUST-0093,2025-04-07,2025-05-07,4924.73,USD
INV-000612,CUST-0079,2025-12-05,2026-01-04,2208.02,USD
INV-000613,CUST-0013,2025-04-16,2025-05-16,362.79,USD
INV-000614,CUST-0087,2025-08-17,2025-09-16,3144.11,USD
INV-000615,CUST-0006,2025-05-06,2025-06-05,3892.56,USD
INV-000616,CUST-0028,2025-04-30,2025-05-30,2839.89,USD
INV-000617,CUST-0030,2025-09-15,2025-10-15,1526.57,USD
INV-000618,CUST-0099,2025-10-23,2025-11-22,3144.81,USD
INV-000619,CUST-0019,2025-05-02,2025-06-01,1592.11,USD
INV-000620,CUST-0039,2025-04-24,2025-05-24,2178.24,USD
INV-000621,CUST-0076,2025-10-13,2025-11-12,4982.97,USD
INV-000622,CUST-0072,2025-12-14,2026-01-13,2249.76,USD
INV-000623,CUST-0083,2025-06-26,2025-07-26,4946.62,USD
INV-000624,CUST-0090,2025-09-26,2025-10-26,1681.08,USD
INV-000625,CUST-0049,2025-03-18,2025-04-17,1582.27,USD
INV-000626,CUST-0029,2025-08-31,2025-09-30,1273.36,USD
INV-000627,CUST-0060,2025-03-15,2025-04-14,4234.58,USD
INV-000628,CUST-0072,2025-07-31,2025-08-30,2193.70,USD
INV-000629,CUST-0033,2025-07-18,2025-08-17,1283.27,USD
INV-000630,CUST-0058,2025-11-28,2025-12-28,424.55,USD
INV-000631,CUST-0025,2025-10-02,2025-11-01,3808.91,USD
INV-000632,CUST-0078,2025-07-13,2025-08-12,3541.98,USD
INV-000633,CUST-0098,2025-02-07,2025-03-09,996.51,USD
INV-000634,CUST-0028,2025-12-10,2026-01-09,2939.98,USD
INV-000635,CUST-0002,2025-06-20,2025-07-20,1599.57,USD
INV-000636,CUST-0097,2025-03-02,2025-04-01,3925.79,USD
INV-000637,CUST-0091,2025-12-23,2026-01-22,3178.80,USD
INV-000638,CUST-0042,2025-05-03,2025-06-02,2904.48,USD
INV-000639,CUST-0084,2025-08-27,2025-09-26,2807.86,USD
INV-000640,CUST-0066,2025-05-14,2025-06-13,1895.57,USD
INV-000641,CUST-0093,2025-02-20,2025-03-22,4219.07,USD
INV-000642,CUST-0041,2025-04-15,2025-05-15,1953.56,USD
INV-000643,CUST-0029,2025-10-16,2025-11-15,4540.29,USD
INV-000644,CUST-0075,2025-05-14,2025-06-13,2910.94,USD
INV-000645,CUST-0020,2025-08-02,2025-09-01,1557.65,USD
INV-000646,CUST-0073,2025-04-28,2025-05-28,2001.45,USD
INV-000647,CUST-0088,2025-10-09,2025-11-08,3442.03,USD
INV-000648,CUST-0083,2025-09-08,2025-10-08,3803.52,USD
INV-000649,CUST-0046,2025-03-28,2025-04-27,3851.83,USD
INV-000650,CUST-0024,2025-10-07,2025-11-06,2570.18,USD
INV-000651,CUST-0005,2025-01-31,2025-03-02,2756.97,USD
INV-000652,CUST-0001,2025-01-25,2025-02-24,4017.33,USD
INV-000653,CUST-0009,2025-11-19,2025-12-19,1223.37,USD
INV-000654,CUST-0065,2025-01-05,2025-02-04,1156.72,USD
INV-000655,CUST-0082,2025-01-31,2025-03-02,3249.23,USD
INV-000656,CUST-0063,2025-09-05,2025-10-05,3466.54,USD
INV-000657,CUST-0053,2025-09-30,2025-10-30,2902.20,USD
INV-000658,CUST-0036,2025-09-29,2025-10-29,3796.36,USD
INV-000659,CUST-0090,2025-01-09,2025-02-08,2643.05,USD
INV-000660,CUST-0013,2025-04-02,2025-05-02,571.07,USD
INV-000661,CUST-0080,2025-05-04,2025-06-03,1016.27,USD
INV-000662,CUST-0051,2025-07-01,2025-07-31,1411.55,USD
INV-000663,CUST-0073,2025-07-27,2025-08-26,2416.47,USD
INV-000664,CUST-0088,2025-04-26,2025-05-26,1582.73,USD
INV-000665,CUST-0005,2025-11-29,2025-12-29,3992.41,USD
INV-000666,CUST-0071,2025-07-14,2025-08-13,1987.45,USD
INV-000667,CUST-0090,2025-11-23,2025-12-23,59.54,USD
INV-000668,CUST-0056,2025-09-13,2025-10-13,4441.96,USD
INV-000669,CUST-0013,2025-10-17,2025-11-16,4508.18,USD
INV-000670,CUST-0089,2025-04-28,2025-05-28,1118.43,USD
INV-000671,CUST-0010,2025-05-19,2025-06-18,254.11,USD
INV-000672,CUST-0085,2025-10-06,2025-11-05,2964.41,USD
INV-000673,CUST-0027,2025-06-11,2025-07-11,92.09,USD
INV-000674,CUST-0051,2025-12-31,2026-01-30,4313.89,USD
INV-000675,CUST-0031,2025-03-25,2025-04-24,2966.76,USD
INV-000676,CUST-0070,2025-12-13,2026-01-12,4710.37,USD
INV-000677,CUST-0089,2025-03-13,2025-04-12,4154.48,USD
INV-000678,CUST-0013,2025-06-27,2025-07-27,291.52,USD
INV-000679,CUST-0078,2025-02-08,2025-03-10,1795.68,USD
INV-000680,CUST-0042,2025-07-23,2025-08-22,4065.65,USD
INV-000681,CUST-0058,2025-05-20,2025-06-19,4118.04,USD
INV-000682,CUST-0049,2025-07-02,2025-08-01,2909.51,USD
INV-000683,CUST-0085,2025-12-15,2026-01-14,3081.67,USD
INV-000684,CUST-0032,2025-11-13,2025-12-13,1558.63,USD
INV-000685,CUST-0020,2025-02-12,2025-03-14,1414.94,USD
INV-000686,CUST-0095,2025-11-21,2025-12-21,818.85,USD
INV-000687,CUST-0012,2025-07-04,2025-08-03,568.63,USD
INV-000688,CUST-0098,2025-08-16,2025-09-15,1897.00,USD
INV-000689,CUST-0024,2025-03-09,2025-04-08,467.68,USD
INV-000690,CUST-0066,2025-10-13,2025-11-12,2918.43,USD
INV-000691,CUST-0046,2025-01-14,2025-02-13,479.86,USD
INV-000692,CUST-0042,2025-11-02,2025-12-02,3145.47,USD
INV-000693,CUST-0050,2025-05-30,2025-06-29,2179.55,USD
INV-000694,CUST-0032,2025-10-14,2025-11-13,4755.89,USD
INV-000695,CUST-0049,2025-03-28,2025-04-27,3603.02,USD
INV-000696,CUST-0035,2025-05-18,2025-06-17,1588.79,USD
INV-000697,CUST-0056,2025-02-02,2025-03-04,886.64,USD
INV-000698,CUST-0010,2025-06-03,2025-07-03,2548.76,USD
INV-000699,CUST-0081,2025-05-07,2025-06-06,3789.58,USD
INV-000700,CUST-0059,2025-11-12,2025-12-12,1035.23,USD
INV-000701,CUST-0051,2025-06-05,2025-07-05,45.48,USD
INV-000702,CUST-0043,2025-07-14,2025-08-13,4225.67,USD
INV-000703,CUST-0084,2025-08-09,2025-09-08,4285.44,USD
INV-000704,CUST-0078,2025-06-03,2025-07-03,1691.20,USD
INV-000705,CUST-0023,2025-09-03,2025-10-03,1657.22,USD
INV-000706,CUST-0089,2025-05-30,2025-06-29,3862.85,USD
INV-000707,CUST-0032,2025-10-22,2025-11-21,4109.79,USD
INV-000708,CUST-0051,2025-05-24,2025-06-23,4290.78,USD
INV-000709,CUST-0076,2025-10-16,2025-11-15,1057.52,USD
INV-000710,CUST-0071,2025-12-16,2026-01-15,4034.52,USD
INV-000711,CUST-0091,2025-08-25,2025-09-24,4953.90,USD
INV-000712,CUST-0089,2025-05-30,2025-06-29,4368.31,USD
INV-000713,CUST-0018,2025-12-11,2026-01-10,2627.78,USD
INV-000714,CUST-0085,2025-05-04,2025-06-03,1334.77,USD
INV-000715,CUST-0049,2025-08-05,2025-09-04,4147.03,USD
INV-000716,CUST-0075,2025-11-03,2025-12-03,2522.57,USD
INV-000717,CUST-0089,2025-09-17,2025-10-17,4851.77,USD
INV-000718,CUST-0047,2025-01-19,2025-02-18,4155.65,USD
INV-000719,CUST-0011,2025-11-01,2025-12-01,3355.90,USD
INV-000720,CUST-0046,2025-12-03,2026-01-02,3494.91,USD
INV-000721,CUST-0073,2025-11-10,2025-12-10,242.24,USD
INV-000722,CUST-0097,2025-11-28,2025-12-28,2105.14,USD
INV-000723,CUST-0013,2025-02-24,2025-03-26,65.30,USD
INV-000724,CUST-0067,2025-09-19,2025-10-19,3925.66,USD
INV-000725,CUST-0029,2025-12-19,2026-01-18,3025.89,USD
INV-000726,CUST-0099,2025-07-20,2025-08-19,2437.78,USD
INV-000727,CUST-0020,2025-12-20,2026-01-19,2633.88,USD
INV-000728,CUST-0038,2025-09-05,2025-10-05,558.13,USD
INV-000729,CUST-0094,2025-03-01,2025-03-31,4368.49,USD
INV-000730,CUST-0059,2025-06-09,2025-07-09,1808.65,USD
INV-000731,CUST-0061,2025-09-05,2025-10-05,1836.09,USD
INV-000732,CUST-0041,2025-12-23,2026-01-22,2382.12,USD
INV-000733,CUST-0091,2025-01-23,2025-02-22,4257.70,USD
INV-000734,CUST-0014,2025-06-25,2025-07-25,3407.22,USD
INV-000735,CUST-0023,2025-05-05,2025-06-04,2715.29,USD
INV-000736,CUST-0055,2025-06-19,2025-07-19,2945.22,USD
INV-000737,CUST-0024,2025-07-27,2025-08-26,3311.75,USD
INV-000738,CUST-0051,2025-12-03,2026-01-02,2275.62,USD
INV-000739,CUST-0026,2025-11-11,2025-12-11,4639.97,USD
INV-000740,CUST-0001,2025-08-08,2025-09-07,2048.61,USD
INV-000741,CUST-0097,2025-04-16,2025-05-16,1469.32,USD
INV-000742,CUST-0069,2025-10-23,2025-11-22,543.47,USD
INV-000743,CUST-0059,2025-06-16,2025-07-16,1043.23,USD
INV-000744,CUST-0063,2025-12-10,2026-01-09,4532.69,USD
INV-000745,CUST-0050,2025-06-10,2025-07-10,3139.84,USD
INV-000746,CUST-0045,2025-10-28,2025-11-27,608.90,USD
INV-000747,CUST-0087,2025-11-13,2025-12-13,914.54,USD
INV-000748,CUST-0011,2025-11-11,2025-12-11,3104.18,USD
INV-000749,CUST-0031,2025-06-10,2025-07-10,627.93,USD
INV-000750,CUST-0089,2025-04-04,2025-05-04,1967.19,USD
INV-000751,CUST-0077,2025-07-18,2025-08-17,2202.77,USD
INV-000752,CUST-0024,2025-07-16,2025-08-15,2227.94,USD
INV-000753,CUST-0083,2025-10-03,2025-11-02,3645.58,USD
INV-000754,CUST-0037,2025-03-27,2025-04-26,2577.13,USD
INV-000755,CUST-0058,2025-06-11,2025-07-11,4424.42,USD
INV-000756,CUST-0063,2025-07-03,2025-08-02,60.24,USD
INV-000757,CUST-0065,2025-07-16,2025-08-15,2954.30,USD
INV-000758,CUST-0063,2025-07-29,2025-08-28,3599.78,USD
INV-000759,CUST-0022,2025-08-16,2025-09-15,2572.19,USD
INV-000760,CUST-0098,2025-01-16,2025-02-15,4182.70,USD
INV-000761,CUST-0029,2025-01-17,2025-02-16,1451.02,USD
INV-000762,CUST-0059,2025-03-28,2025-04-27,4103.32,USD
INV-000763,CUST-0066,2025-09-11,2025-10-11,2892.14,USD
INV-000764,CUST-0100,2025-02-28,2025-03-30,1414.50,USD
INV-000765,CUST-0097,2025-10-05,2025-11-04,4322.85,USD
INV-000766,CUST-0028,2025-08-14,2025-09-13,2874.46,USD
INV-000767,CUST-0032,2025-12-01,2025-12-31,3949.21,USD
INV-000768,CUST-0045,2025-08-19,2025-09-18,1387.90,USD
INV-000769,CUST-0031,2025-03-02,2025-04-01,4076.54,USD
INV-000770,CUST-0045,2025-10-29,2025-11-28,3623.04,USD
INV-000771,CUST-0022,2025-11-20,2025-12-20,2254.82,USD
INV-000772,CUST-0027,2025-04-16,2025-05-16,4275.23,USD
INV-000773,CUST-0036,2025-06-29,2025-07-29,2800.68,USD
INV-000774,CUST-0091,2025-03-28,2025-04-27,1706.87,USD
INV-000775,CUST-0066,2025-10-21,2025-11-20,1411.64,USD
INV-000776,CUST-0053,2025-03-11,2025-04-10,3942.65,USD
INV-000777,CUST-0090,2025-12-02,2026-01-01,675.25,USD
INV-000778,CUST-0042,2025-03-16,2025-04-15,3739.75,USD
INV-000779,CUST-0019,2025-07-21,2025-08-20,2576.17,USD
INV-000780,CUST-0054,2025-05-18,2025-06-17,3301.54,USD
INV-000781,CUST-0099,2025-02-08,2025-03-10,3332.03,USD
INV-000782,CUST-0036,2025-09-21,2025-10-21,3941.12,USD
INV-000783,CUST-0063,2025-08-21,2025-09-20,4992.06,USD
INV-000784,CUST-0100,2025-01-02,2025-02-01,4565.57,USD
INV-000785,CUST-0086,2025-08-23,2025-09-22,3338.39,USD
INV-000786,CUST-0069,2025-02-02,2025-03-04,4181.64,USD
INV-000787,CUST-0028,2025-08-08,2025-09-07,4334.57,USD
INV-000788,CUST-0037,2025-06-15,2025-07-15,4352.90,USD
INV-000789,CUST-0073,2025-10-23,2025-11-22,694.68,USD
INV-000790,CUST-0007,2025-12-16,2026-01-15,4006.40,USD
INV-000791,CUST-0059,2025-11-17,2025-12-17,4119.83,USD
INV-000792,CUST-0059,2025-03-22,2025-04-21,2323.60,USD
INV-000793,CUST-0017,2025-04-14,2025-05-14,3620.20,USD
INV-000794,CUST-0036,2025-03-23,2025-04-22,4594.49,USD
INV-000795,CUST-0011,2025-07-04,2025-08-03,1322.76,USD
INV-000796,CUST-0007,2025-11-29,2025-12-29,877.82,USD
INV-000797,CUST-0090,2025-06-06,2025-07-06,3816.26,USD
INV-000798,CUST-0091,2025-12-02,2026-01-01,488.14,USD
INV-000799,CUST-0010,2025-04-20,2025-05-20,2509.84,USD
INV-000800,CUST-0088,2025-04-26,2025-05-26,2733.38,USD
INV-000801,CUST-0044,2025-01-05,2025-02-04,3656.93,USD
INV-000802,CUST-0062,2025-12-22,2026-01-21,702.97,USD
INV-000803,CUST-0094,2025-07-16,2025-08-15,478.35,USD
INV-000804,CUST-0039,2025-06-10,2025-07-10,1937.08,USD
INV-000805,CUST-0087,2025-03-10,2025-04-09,3373.70,USD
INV-000806,CUST-0002,2025-09-29,2025-10-29,2963.26,USD
INV-000807,CUST-0045,2025-03-26,2025-04-25,2317.38,USD
INV-000808,CUST-0053,2025-03-19,2025-04-18,4832.89,USD
INV-000809,CUST-0028,2025-08-15,2025-09-14,4518.68,USD
INV-000810,CUST-0016,2025-03-13,2025-04-12,3954.98,USD
INV-000811,CUST-0055,2025-07-16,2025-08-15,1853.05,USD
INV-000812,CUST-0083,2025-05-07,2025-06-06,1462.10,USD
INV-000813,CUST-0077,2025-10-11,2025-11-10,3160.96,USD
INV-000814,CUST-0085,2025-12-20,2026-01-19,150.63,USD
INV-000815,CUST-0066,2025-09-23,2025-10-23,3192.04,USD
INV-000816,CUST-0083,2025-07-20,2025-08-19,1559.49,USD
INV-000817,CUST-0015,2025-09-11,2025-10-11,2033.15,USD
INV-000818,CUST-0010,2025-11-23,2025-12-23,3123.90,USD
INV-000819,CUST-0041,2025-07-04,2025-08-03,4906.45,USD
INV-000820,CUST-0047,2025-10-19,2025-11-18,2216.53,USD
INV-000821,CUST-0061,2025-03-30,2025-04-29,4008.88,USD
INV-000822,CUST-0002,2025-10-28,2025-11-27,364.06,USD
INV-000823,CUST-0008,2025-01-21,2025-02-20,4846.97,USD
INV-000824,CUST-0092,2025-05-27,2025-06-26,3305.52,USD
INV-000825,CUST-0052,2025-08-05,2025-09-04,3689.50,USD
INV-000826,CUST-0079,2025-10-02,2025-11-01,2828.86,USD
INV-000827,CUST-0011,2025-02-12,2025-03-14,1634.80,USD
INV-000828,CUST-0042,2025-03-21,2025-04-20,2822.22,USD
INV-000829,CUST-0084,2025-11-21,2025-12-21,4011.49,USD
INV-000830,CUST-0090,2025-02-03,2025-03-05,1636.18,USD
INV-000831,CUST-0032,2025-05-03,2025-06-02,313.59,USD
INV-000832,CUST-0079,2025-03-01,2025-03-31,2386.97,USD
INV-000833,CUST-0095,2025-06-08,2025-07-08,3502.17,USD
INV-000834,CUST-0002,2025-03-31,2025-04-30,636.22,USD
INV-000835,CUST-0021,2025-12-26,2026-01-25,69.50,USD
INV-000836,CUST-0093,2025-09-25,2025-10-25,2721.73,USD
INV-000837,CUST-0096,2025-07-10,2025-08-09,675.48,USD
INV-000838,CUST-0004,2025-03-02,2025-04-01,4054.51,USD
INV-000839,CUST-0009,2025-05-20,2025-06-19,2756.50,USD
INV-000840,CUST-0010,2025-10-23,2025-11-22,3300.07,USD
INV-000841,CUST-0008,2025-09-19,2025-10-19,1898.08,USD
INV-000842,CUST-0021,2025-03-27,2025-04-26,1937.74,USD
INV-000843,CUST-0093,2025-10-21,2025-11-20,3544.33,USD
INV-000844,CUST-0006,2025-09-18,2025-10-18,23.46,USD
INV-000845,CUST-0047,2025-01-24,2025-02-23,2483.40,USD
INV-000846,CUST-0005,2025-04-02,2025-05-02,4891.96,USD
INV-000847,CUST-0029,2025-12-02,2026-01-01,2208.70,USD
INV-000848,CUST-0093,2025-08-02,2025-09-01,4811.71,USD
INV-000849,CUST-0048,2025-02-09,2025-03-11,3006.49,USD
INV-000850,CUST-0007,2025-12-11,2026-01-10,4738.76,USD
INV-000851,CUST-0052,2025-09-22,2025-10-22,250.79,USD
INV-000852,CUST-0040,2025-05-25,2025-06-24,4065.51,USD
INV-000853,CUST-0002,2025-10-11,2025-11-10,2404.66,USD
INV-000854,CUST-0039,2025-05-30,2025-06-29,2965.97,USD
INV-000855,CUST-0076,2025-08-26,2025-09-25,1940.81,USD
INV-000856,CUST-0032,2025-10-07,2025-11-06,3997.11,USD
INV-000857,CUST-0030,2025-07-29,2025-08-28,135.35,USD
INV-000858,CUST-0089,2025-11-22,2025-12-22,4411.78,USD
INV-000859,CUST-0085,2025-01-01,2025-01-31,3988.97,USD
INV-000860,CUST-0027,2025-06-07,2025-07-07,554.99,USD
INV-000861,CUST-0008,2025-08-03,2025-09-02,2589.64,USD
INV-000862,CUST-0006,2025-05-24,2025-06-23,497.72,USD
INV-000863,CUST-0048,2025-07-31,2025-08-30,3684.45,USD
INV-000864,CUST-0013,2025-02-13,2025-03-15,3054.91,USD
INV-000865,CUST-0051,2025-11-23,2025-12-23,4308.96,USD
INV-000866,CUST-0056,2025-10-18,2025-11-17,336.54,USD
INV-000867,CUST-0034,2025-05-02,2025-06-01,1539.22,USD
INV-000868,CUST-0095,2025-12-25,2026-01-24,4371.55,USD
INV-000869,CUST-0030,2025-08-20,2025-09-19,1435.83,USD
INV-000870,CUST-0099,2025-03-11,2025-04-10,4099.11,USD
INV-000871,CUST-0022,2025-03-21,2025-04-20,563.95,USD
INV-000872,CUST-0016,2025-06-10,2025-07-10,2141.29,USD
INV-000873,CUST-0040,2025-04-17,2025-05-17,2379.34,USD
INV-000874,CUST-0021,2025-03-03,2025-04-02,484.06,USD
INV-000875,CUST-0078,2025-12-27,2026-01-26,3663.64,USD
INV-000876,CUST-0012,2025-06-17,2025-07-17,787.64,USD
INV-000877,CUST-0066,2025-07-02,2025-08-01,2087.46,USD
INV-000878,CUST-0023,2025-06-03,2025-07-03,1374.02,USD
INV-000879,CUST-0096,2025-08-20,2025-09-19,2924.79,USD
INV-000880,CUST-0014,2025-02-18,2025-03-20,2432.43,USD
INV-000881,CUST-0100,2025-01-07,2025-02-06,333.32,USD
INV-000882,CUST-0052,2025-04-12,2025-05-12,4328.42,USD
INV-000883,CUST-0083,2025-11-19,2025-12-19,4925.59,USD
INV-000884,CUST-0010,2025-10-28,2025-11-27,1366.96,USD
INV-000885,CUST-0083,2025-04-12,2025-05-12,4741.67,USD
INV-000886,CUST-0043,2025-02-17,2025-03-19,4755.21,USD
INV-000887,CUST-0022,2025-08-25,2025-09-24,275.48,USD
INV-000888,CUST-0004,2025-07-22,2025-08-21,2611.13,USD
INV-000889,CUST-0046,2025-08-07,2025-09-06,916.00,USD
INV-000890,CUST-0058,2025-05-21,2025-06-20,1477.24,USD
INV-000891,CUST-0079,2025-11-11,2025-12-11,3256.26,USD
INV-000892,CUST-0053,2025-06-01,2025-07-01,2625.62,USD
INV-000893,CUST-0036,2025-02-01,2025-03-03,469.91,USD
INV-000894,CUST-0083,2025-08-03,2025-09-02,1055.73,USD
INV-000895,CUST-0070,2025-11-19,2025-12-19,4215.67,USD
INV-000896,CUST-0070,2025-07-03,2025-08-02,2524.92,USD
INV-000897,CUST-0042,2025-10-17,2025-11-16,2643.98,USD
INV-000898,CUST-0041,2025-04-03,2025-05-03,146.64,USD
INV-000899,CUST-0100,2025-01-16,2025-02-15,4706.38,USD
INV-000900,CUST-0046,2025-08-30,2025-09-29,2785.74,USD
INV-000901,CUST-0032,2025-03-23,2025-04-22,534.99,USD
INV-000902,CUST-0095,2025-05-17,2025-06-16,2808.07,USD
INV-000903,CUST-0050,2025-10-22,2025-11-21,4448.12,USD
INV-000904,CUST-0076,2025-04-01,2025-05-01,1250.20,USD
INV-000905,CUST-0076,2025-12-24,2026-01-23,1891.05,USD
INV-000906,CUST-0073,2025-12-25,2026-01-24,1853.82,USD
INV-000907,CUST-0025,2025-10-16,2025-11-15,4982.18,USD
INV-000908,CUST-0063,2025-06-08,2025-07-08,930.42,USD
INV-000909,CUST-0078,2025-01-29,2025-02-28,1229.61,USD
INV-000910,CUST-0001,2025-09-27,2025-10-27,2516.03,USD
INV-000911,CUST-0017,2025-04-14,2025-05-14,4238.09,USD
INV-000912,CUST-0042,2025-04-01,2025-05-01,4827.05,USD
INV-000913,CUST-0091,2025-03-17,2025-04-16,3085.52,USD
INV-000914,CUST-0047,2025-09-27,2025-10-27,4522.38,USD
INV-000915,CUST-0085,2025-12-27,2026-01-26,4948.39,USD
INV-000916,CUST-0039,2025-02-21,2025-03-23,1774.54,USD
INV-000917,CUST-0056,2025-03-22,2025-04-21,3849.63,USD
INV-000918,CUST-0023,2025-11-29,2025-12-29,1673.47,USD
INV-000919,CUST-0079,2025-12-22,2026-01-21,4674.06,USD
INV-000920,CUST-0023,2025-12-07,2026-01-06,3097.79,USD
INV-000921,CUST-0017,2025-12-19,2026-01-18,1554.11,USD
INV-000922,CUST-0090,2025-01-01,2025-01-31,4984.38,USD
INV-000923,CUST-0024,2025-10-18,2025-11-17,179.77,USD
INV-000924,CUST-0082,2025-11-10,2025-12-10,1168.12,USD
INV-000925,CUST-0043,2025-09-12,2025-10-12,747.37,USD
INV-000926,CUST-0022,2025-06-27,2025-07-27,1685.19,USD
INV-000927,CUST-0082,2025-12-29,2026-01-28,3522.85,USD
INV-000928,CUST-0027,2025-01-06,2025-02-05,1400.47,USD
INV-000929,CUST-0033,2025-02-04,2025-03-06,1847.53,USD
INV-000930,CUST-0050,2025-01-01,2025-01-31,262.43,USD
INV-000931,CUST-0053,2025-08-03,2025-09-02,882.09,USD
INV-000932,CUST-0049,2025-06-29,2025-07-29,2872.73,USD
INV-000933,CUST-0098,2025-10-23,2025-11-22,3422.95,USD
INV-000934,CUST-0010,2025-03-25,2025-04-24,2376.04,USD
INV-000935,CUST-0034,2025-01-11,2025-02-10,1680.99,USD
INV-000936,CUST-0049,2025-06-25,2025-07-25,901.84,USD
INV-000937,CUST-0012,2025-02-08,2025-03-10,2878.09,USD
INV-000938,CUST-0062,2025-11-11,2025-12-11,4693.07,USD
INV-000939,CUST-0084,2025-08-09,2025-09-08,4951.11,USD
INV-000940,CUST-0007,2025-08-11,2025-09-10,833.67,USD
INV-000941,CUST-0053,2025-04-16,2025-05-16,1006.06,USD
INV-000942,CUST-0085,2025-10-04,2025-11-03,1400.75,USD
INV-000943,CUST-0007,2025-05-02,2025-06-01,512.87,USD
INV-000944,CUST-0063,2025-10-09,2025-11-08,4413.25,USD
INV-000945,CUST-0055,2025-07-04,2025-08-03,30.00,USD
INV-000946,CUST-0077,2025-12-05,2026-01-04,3287.27,USD
INV-000947,CUST-0027,2025-02-19,2025-03-21,144.92,USD
INV-000948,CUST-0061,2025-05-30,2025-06-29,439.58,USD
INV-000949,CUST-0063,2025-07-23,2025-08-22,2479.10,USD
INV-000950,CUST-0070,2025-02-16,2025-03-18,3375.22,USD
INV-000951,CUST-0049,2025-07-09,2025-08-08,4652.53,USD
INV-000952,CUST-0034,2025-08-17,2025-09-16,243.92,USD
INV-000953,CUST-0035,2025-05-15,2025-06-14,1196.16,USD
INV-000954,CUST-0090,2025-03-19,2025-04-18,3953.87,USD
INV-000955,CUST-0045,2025-02-13,2025-03-15,3512.98,USD
INV-000956,CUST-0071,2025-10-29,2025-11-28,1202.82,USD
INV-000957,CUST-0069,2025-09-25,2025-10-25,2204.83,USD
INV-000958,CUST-0031,2025-10-21,2025-11-20,4632.40,USD
INV-000959,CUST-0092,2025-02-10,2025-03-12,2079.91,USD
INV-000960,CUST-0067,2025-10-20,2025-11-19,4730.97,USD
INV-000961,CUST-0016,2025-11-14,2025-12-14,783.05,USD
INV-000962,CUST-0025,2025-03-27,2025-04-26,1120.91,USD
INV-000963,CUST-0088,2025-08-05,2025-09-04,420.87,USD
INV-000964,CUST-0077,2025-11-18,2025-12-18,785.30,USD
INV-000965,CUST-0050,2025-02-04,2025-03-06,466.27,USD
INV-000966,CUST-0036,2025-10-10,2025-11-09,1719.84,USD
INV-000967,CUST-0090,2025-01-07,2025-02-06,4133.79,USD
INV-000968,CUST-0054,2025-09-25,2025-10-25,4108.28,USD
INV-000969,CUST-0073,2025-03-18,2025-04-17,786.99,USD
INV-000970,CUST-0014,2025-02-21,2025-03-23,4859.28,USD
INV-000971,CUST-0069,2025-05-27,2025-06-26,4558.06,USD
INV-000972,CUST-0084,2025-05-16,2025-06-15,2018.25,USD
INV-000973,CUST-0005,2025-11-08,2025-12-08,2490.12,USD
INV-000974,CUST-0080,2025-07-26,2025-08-25,764.20,USD
INV-000975,CUST-0005,2025-12-22,2026-01-21,2116.16,USD
INV-000976,CUST-0007,2025-12-20,2026-01-19,1255.59,USD
INV-000977,CUST-0044,2025-07-10,2025-08-09,116.07,USD
INV-000978,CUST-0063,2025-05-24,2025-06-23,4428.94,USD
INV-000979,CUST-0030,2025-02-20,2025-03-22,4565.53,USD
INV-000980,CUST-0042,2025-08-15,2025-09-14,4068.15,USD
INV-000981,CUST-0083,2025-08-02,2025-09-01,3181.83,USD
INV-000982,CUST-0053,2025-08-15,2025-09-14,1118.29,USD
INV-000983,CUST-0008,2025-07-11,2025-08-10,4314.49,USD
INV-000984,CUST-0091,2025-02-03,2025-03-05,1641.18,USD
INV-000985,CUST-0068,2025-03-11,2025-04-10,4102.15,USD
INV-000986,CUST-0026,2025-03-30,2025-04-29,1020.63,USD
INV-000987,CUST-0007,2025-01-17,2025-02-16,2403.10,USD
INV-000988,CUST-0048,2025-04-12,2025-05-12,1446.43,USD
INV-000989,CUST-0016,2025-07-23,2025-08-22,3341.37,USD
INV-000990,CUST-0063,2025-05-04,2025-06-03,1962.79,USD
INV-000991,CUST-0061,2025-04-01,2025-05-01,4573.82,USD
INV-000992,CUST-0021,2025-06-29,2025-07-29,1814.85,USD
INV-000993,CUST-0037,2025-12-19,2026-01-18,483.91,USD
INV-000994,CUST-0074,2025-01-26,2025-02-25,864.10,USD
INV-000995,CUST-0087,2025-11-28,2025-12-28,1190.23,USD
INV-000996,CUST-0066,2025-11-30,2025-12-30,2156.99,USD
INV-000997,CUST-0017,2025-01-05,2025-02-04,2495.63,USD
INV-000998,CUST-0002,2025-11-04,2025-12-04,4208.83,USD
INV-000999,CUST-0040,2025-11-08,2025-12-08,4230.96,USD
INV-001000,CUST-0055,2025-11-26,2025-12-26,1453.77,USD
