payment_id,invoice_id,payment_date,amount,currency,payment_method
PAY-000001,INV-ORPHAN-000001,2025-12-11,593.69,USD,bank_transfer
PAY-000002,INV-ORPHAN-000002,2025-05-01,741.58,USD,check
PAY-000003,INV-ORPHAN-000003,2025-11-03,465.80,USD,bank_transfer
PAY-000004,INV-ORPHAN-000004,2025-01-30,501.23,USD,check
PAY-000005,INV-ORPHAN-000005,2025-11-17,149.12,USD,check
PAY-000006,INV-ORPHAN-000006,2025-12-25,3686.96,USD,bank_transfer
PAY-000007,INV-ORPHAN-000007,2025-08-18,3099.44,USD,bank_transfer
PAY-000008,INV-ORPHAN-000008,2026-01-10,2225.71,USD,bank_transfer
PAY-000009,INV-ORPHAN-000009,2025-04-27,4012.90,USD,bank_transfer
PAY-000010,INV-ORPHAN-000010,2025-08-05,517.07,USD,check
PAY-000011,INV-000011,2025-06-14,2120.83,USD,check
PAY-000012,INV-000012,2025-03-10,2422.74,USD,check
PAY-000013,INV-000013,2025-07-09,2179.23,USD,card
PAY-000014,INV-000014,2025-10-27,509.07,USD,bank_transfer
PAY-000015,INV-000015,2025-12-23,602.42,USD,bank_transfer
PAY-000016,INV-000016,2025-05-24,2276.43,USD,card
PAY-000017,INV-000017,2025-08-31,1671.40,USD,card
PAY-000018,INV-000018,2025-07-18,554.21,USD,check
PAY-000019,INV-000019,2026-01-23,1703.78,USD,check
PAY-000020,INV-000020,2025-04-13,1405.21,USD,bank_transfer
PAY-000021,INV-000021,2025-10-04,1999.43,EUR,check
PAY-000022,INV-000022,2025-11-02,1161.41,EUR,bank_transfer
PAY-000023,INV-000023,2025-05-18,4318.61,EUR,card
PAY-000024,INV-000024,2025-06-23,357.01,EUR,check
PAY-000025,INV-000025,2025-07-12,1124.77,EUR,card
PAY-000026,INV-000026,2025-12-12,2415.70,EUR,bank_transfer
PAY-000027,INV-000027,2025-06-10,3915.88,EUR,card
PAY-000028,INV-000028,2025-11-21,2256.22,EUR,card
PAY-000029,INV-000029,2025-05-24,735.25,EUR,bank_transfer
PAY-000030,INV-000030,2025-02-03,4524.65,EUR,check
PAY-000031,INV-000031,2025-04-19,4162.77,USD,check
PAY-000032,INV-000032,2025-03-12,2027.28,USD,card
PAY-000033,INV-000033,2025-09-28,1328.13,USD,check
PAY-000034,INV-000034,2025-03-17,3584.12,USD,check
PAY-000035,INV-000035,2025-07-21,594.85,USD,bank_transfer
PAY-000036,INV-000036,2025-09-06,27.01,USD,check
PAY-000037,INV-000037,2025-05-12,2671.71,USD,card
PAY-000038,INV-000038,2025-12-06,2671.61,USD,bank_transfer
PAY-000039,INV-000039,2025-08-14,4007.75,USD,check
PAY-000040,INV-000040,2025-02-01,3150.19,USD,bank_transfer
PAY-000041,INV-000041,2025-03-18,4881.15,USD,bank_transfer
PAY-000042,INV-000042,2025-02-04,1272.86,USD,bank_transfer
PAY-000043,INV-000043,2025-10-10,4288.31,USD,bank_transfer
PAY-000044,INV-000044,2025-04-11,3468.99,USD,bank_transfer
PAY-000045,INV-000045,2025-06-12,2776.53,USD,bank_transfer
PAY-000046,INV-000046,2025-11-17,3969.76,USD,bank_transfer
PAY-000047,INV-000047,2025-07-20,2101.86,USD,card
PAY-000048,INV-000048,2025-09-10,4726.56,USD,bank_transfer
PAY-000049,INV-000049,2025-05-28,1188.06,USD,bank_transfer
PAY-000050,INV-000050,2025-12-05,2914.14,USD,bank_transfer
PAY-000051,INV-000051,2025-02-13,382.20,USD,bank_transfer
PAY-000052,INV-000052,2025-05-19,363.37,USD,bank_transfer
PAY-000053,INV-000053,2025-11-02,1257.82,USD,card
PAY-000054,INV-000054,2025-05-26,2837.13,USD,check
PAY-000055,INV-000055,2025-09-26,1284.00,USD,bank_transfer
PAY-000056,INV-000056,2025-03-17,518.19,USD,card
PAY-000057,INV-000057,2025-08-08,2165.35,USD,check
PAY-000058,INV-000058,2025-12-04,3397.84,USD,card
PAY-000059,INV-000059,2025-07-08,4207.41,USD,bank_transfer
PAY-000060,INV-000060,2025-04-16,2821.68,USD,card
PAY-000061,INV-000061,2025-04-19,1470.37,USD,bank_transfer
PAY-000062,INV-000062,2025-08-21,4246.36,USD,bank_transfer
PAY-000063,INV-000063,2025-12-05,2844.23,USD,bank_transfer
PAY-000064,INV-000064,2025-04-26,2140.78,USD,bank_transfer
PAY-000065,INV-000065,2025-08-04,4741.39,USD,card
PAY-000066,INV-000066,2025-01-31,2056.93,USD,card
PAY-000067,INV-000067,2025-09-09,3662.14,USD,check
PAY-000068,INV-000068,2025-09-25,821.58,USD,bank_transfer
PAY-000069,INV-000069,2025-03-05,3046.57,USD,bank_transfer
PAY-000070,INV-000070,2025-07-17,309.71,USD,card
PAY-000071,INV-000071,2025-09-25,4830.23,USD,bank_transfer
PAY-000072,INV-000072,2025-09-22,430.01,USD,check
PAY-000073,INV-000073,2025-03-01,3550.05,USD,bank_transfer
PAY-000074,INV-000074,2025-11-26,1300.87,USD,bank_transfer
PAY-000075,INV-000075,2025-12-26,439.82,USD,check
PAY-000076,INV-000076,2025-11-02,2750.88,USD,bank_transfer
PAY-000077,INV-000077,2025-12-24,3764.90,USD,card
PAY-000078,INV-000078,2025-09-01,696.17,USD,card
PAY-000079,INV-000079,2025-08-27,1667.67,USD,bank_transfer
PAY-000080,INV-000080,2025-08-29,3266.66,USD,bank_transfer
PAY-000081,INV-000081,2025-10-19,1127.54,USD,bank_transfer
PAY-000082,INV-000082,2025-07-13,4628.26,USD,card
PAY-000083,INV-000083,2025-06-29,837.04,USD,check
PAY-000084,INV-000084,2025-07-07,3216.95,USD,bank_transfer
PAY-000085,INV-000085,2025-12-27,4293.97,USD,check
PAY-000086,INV-000086,2025-03-11,4932.69,USD,bank_transfer
PAY-000087,INV-000087,2025-03-05,3902.40,USD,card
PAY-000088,INV-000088,2025-07-09,3181.05,USD,card
PAY-000089,INV-000089,2025-05-01,3614.46,USD,check
PAY-000090,INV-000090,2025-09-13,1326.59,USD,check
PAY-000091,INV-000091,2025-08-07,4358.17,USD,bank_transfer
PAY-000092,INV-000092,2025-07-30,4052.88,USD,card
PAY-000093,INV-000093,2025-04-28,3896.18,USD,check
PAY-000094,INV-000094,2025-08-14,2950.76,USD,bank_transfer
PAY-000095,INV-000095,2026-01-23,4749.18,USD,bank_transfer
PAY-000096,INV-000096,2025-07-18,3064.02,USD,card
PAY-000097,INV-000097,2025-03-30,229.30,USD,bank_transfer
PAY-000098,INV-000098,2025-07-18,1111.40,USD,check
PAY-000099,INV-000099,2025-03-29,1864.29,USD,card
PAY-000100,INV-000100,2025-11-29,3939.42,USD,bank_transfer
PAY-000101,INV-000101,2025-04-02,4631.15,USD,bank_transfer
PAY-000102,INV-000102,2025-08-01,4111.95,USD,check
PAY-000103,INV-000103,2025-06-21,1408.83,USD,bank_transfer
PAY-000104,INV-000104,2025-08-14,4582.66,USD,bank_transfer
PAY-000105,INV-000105,2025-05-05,4291.26,USD,card
PAY-000106,INV-000106,2025-06-08,1178.76,USD,bank_transfer
PAY-000107,INV-000107,2025-07-28,1731.03,USD,card
PAY-000108,INV-000108,2025-07-24,3373.21,USD,check
PAY-000109,INV-000109,2025-10-09,1746.17,USD,card
PAY-000110,INV-000110,2025-04-04,3053.96,USD,bank_transfer
PAY-000111,INV-000111,2025-11-22,2288.36,USD,card
PAY-000112,INV-000112,2025-12-01,2691.32,USD,check
PAY-000113,INV-000113,2025-05-23,1345.47,USD,card
PAY-000114,INV-000114,2025-02-13,2735.87,USD,check
PAY-000115,INV-000115,2026-01-06,1043.03,USD,bank_transfer
PAY-000116,INV-000116,2026-01-15,4837.49,USD,card
PAY-000117,INV-000117,2025-12-25,4456.04,USD,check
PAY-000118,INV-000118,2025-06-28,3506.43,USD,card
PAY-000119,INV-000119,2025-12-31,1560.08,USD,bank_transfer
PAY-000120,INV-000120,2025-09-16,3496.14,USD,check
PAY-000121,INV-000121,2025-04-19,3237.07,USD,card
PAY-000122,INV-000122,2025-10-27,4381.12,USD,card
PAY-000123,INV-000123,2025-05-26,2263.85,USD,check
PAY-000124,INV-000124,2025-07-12,2447.87,USD,check
PAY-000125,INV-000125,2025-04-30,2690.02,USD,check
PAY-000126,INV-000126,2025-03-27,1497.85,USD,check
PAY-000127,INV-000127,2025-11-29,1767.35,USD,check
PAY-000128,INV-000128,2025-06-17,1187.76,USD,bank_transfer
PAY-000129,INV-000129,2025-03-04,1293.68,USD,bank_transfer
PAY-000130,INV-000130,2025-09-27,2182.86,USD,bank_transfer
PAY-000131,INV-000131,2026-01-17,2023.15,USD,bank_transfer
PAY-000132,INV-000132,2025-03-17,3449.63,USD,bank_transfer
PAY-000133,INV-000133,2025-09-19,1157.35,USD,check
PAY-000134,INV-000134,2025-09-10,273.28,USD,bank_transfer
PAY-000135,INV-000135,2025-10-03,709.08,USD,check
PAY-000136,INV-000136,2025-11-11,3131.88,USD,check
PAY-000137,INV-000137,2025-10-14,2247.35,USD,bank_transfer
PAY-000138,INV-000138,2025-09-16,2369.66,USD,check
PAY-000139,INV-000139,2025-06-24,4025.06,USD,card
PAY-000140,INV-000140,2025-12-15,1264.33,USD,bank_transfer
PAY-000141,INV-000141,2025-06-17,1239.42,USD,card
PAY-000142,INV-000142,2025-10-13,432.45,USD,bank_transfer
PAY-000143,INV-000143,2025-08-30,3648.29,USD,bank_transfer
PAY-000144,INV-000144,2025-02-23,2185.10,USD,check
PAY-000145,INV-000145,2025-09-09,2189.85,USD,card
PAY-000146,INV-000146,2025-08-25,4753.95,USD,check
PAY-000147,INV-000147,2025-02-16,4501.74,USD,card
PAY-000148,INV-000148,2025-09-21,40.91,USD,card
PAY-000149,INV-000149,2025-09-06,2831.82,USD,check
PAY-000150,INV-000150,2025-05-10,2569.72,USD,card
PAY-000151,INV-000151,2025-09-27,162.17,USD,check
PAY-000152,INV-000152,2025-12-24,4194.56,USD,card
PAY-000153,INV-000153,2025-03-08,3272.41,USD,card
PAY-000154,INV-000154,2025-11-01,2969.03,USD,bank_transfer
PAY-000155,INV-000155,2025-12-25,2257.16,USD,bank_transfer
PAY-000156,INV-000156,2025-02-15,1373.96,USD,bank_transfer
PAY-000157,INV-000157,2025-09-14,1723.61,USD,card
PAY-000158,INV-000158,2025-09-03,1332.62,USD,bank_transfer
PAY-000159,INV-000159,2025-10-18,283.07,USD,check
PAY-000160,INV-000160,2025-02-07,4105.91,USD,bank_transfer
PAY-000161,INV-000161,2025-06-15,1055.22,USD,bank_transfer
PAY-000162,INV-000162,2025-06-14,671.76,USD,bank_transfer
PAY-000163,INV-000163,2025-11-14,4978.97,USD,check
PAY-000164,INV-000164,2025-05-22,4030.75,USD,check
PAY-000165,INV-000165,2025-11-14,3931.28,USD,bank_transfer
PAY-000166,INV-000166,2025-06-10,576.74,USD,card
PAY-000167,INV-000167,2025-11-16,3561.25,USD,check
PAY-000168,INV-000168,2025-05-26,408.44,USD,check
PAY-000169,INV-000169,2025-05-24,544.25,USD,check
PAY-000170,INV-000170,2025-12-10,4233.28,USD,bank_transfer
PAY-000171,INV-000171,2025-08-08,2803.11,USD,card
PAY-000172,INV-000172,2025-02-26,2662.69,USD,bank_transfer
PAY-000173,INV-000173,2025-08-10,4321.38,USD,card
PAY-000174,INV-000174,2025-08-19,3342.29,USD,bank_transfer
PAY-000175,INV-000175,2025-09-13,933.46,USD,check
PAY-000176,INV-000176,2025-06-18,3239.15,USD,card
PAY-000177,INV-000177,2025-09-18,4339.22,USD,card
PAY-000178,INV-000178,2025-06-20,4475.42,USD,card
PAY-000179,INV-000179,2025-09-17,1288.54,USD,check
PAY-000180,INV-000180,2025-11-30,3513.23,USD,bank_transfer
PAY-000181,INV-000181,2025-09-22,4471.44,USD,card
PAY-000182,INV-000182,2025-05-10,1870.30,USD,card
PAY-000183,INV-000183,2025-12-07,3686.22,USD,bank_transfer
PAY-000184,INV-000184,2025-09-27,4980.57,USD,bank_transfer
PAY-000185,INV-000185,2025-08-12,2571.55,USD,check
PAY-000186,INV-000186,2025-10-02,3396.39,USD,card
PAY-000187,INV-000187,2025-01-23,497.86,USD,card
PAY-000188,INV-000188,2026-02-01,1285.61,USD,check
PAY-000189,INV-000189,2025-08-10,2491.24,USD,card
PAY-000190,INV-000190,2025-08-27,3920.84,USD,card
PAY-000191,INV-000191,2026-01-14,2388.93,USD,card
PAY-000192,INV-000192,2025-05-11,642.58,USD,card
PAY-000193,INV-000193,2025-04-16,3904.83,USD,bank_transfer
PAY-000194,INV-000194,2025-05-09,1144.47,USD,card
PAY-000195,INV-000195,2025-12-06,3995.67,USD,card
PAY-000196,INV-000196,2025-03-11,4375.37,USD,bank_transfer
PAY-000197,INV-000197,2025-07-04,950.79,USD,check
PAY-000198,INV-000198,2025-10-03,673.65,USD,bank_transfer
PAY-000199,INV-000199,2025-10-19,1541.63,USD,check
PAY-000200,INV-000200,2025-10-15,547.85,USD,card
PAY-000201,INV-000201,2025-09-19,2519.84,USD,bank_transfer
PAY-000202,INV-000202,2025-02-03,1333.71,USD,bank_transfer
PAY-000203,INV-000203,2025-08-30,2588.16,USD,check
PAY-000204,INV-000204,2025-12-27,291.06,USD,check
PAY-000205,INV-000205,2025-06-12,456.59,USD,check
PAY-000206,INV-000206,2025-09-10,3188.85,USD,bank_transfer
PAY-000207,INV-000207,2025-10-23,2004.27,USD,card
PAY-000208,INV-000208,2025-12-04,2258.30,USD,check
PAY-000209,INV-000209,2025-02-06,3206.22,USD,bank_transfer
PAY-000210,INV-000210,2025-12-29,1116.37,USD,bank_transfer
PAY-000211,INV-000211,2025-04-26,1267.58,USD,bank_transfer
PAY-000212,INV-000212,2025-04-19,24.02,USD,check
PAY-000213,INV-000213,2025-11-03,2473.69,USD,bank_transfer
PAY-000214,INV-000214,2025-07-11,3716.48,USD,card
PAY-000215,INV-000215,2025-02-22,3613.87,USD,check
PAY-000216,INV-000216,2025-11-25,3476.50,USD,bank_transfer
PAY-000217,INV-000217,2025-10-15,1188.64,USD,card
PAY-000218,INV-000218,2025-03-24,384.39,USD,card
PAY-000219,INV-000219,2025-11-19,3936.69,USD,card
PAY-000220,INV-000220,2025-03-24,2467.32,USD,check
PAY-000221,INV-000221,2025-08-27,4952.33,USD,check
PAY-000222,INV-000222,2025-10-18,2305.11,USD,bank_transfer
PAY-000223,INV-000223,2025-09-17,3861.07,USD,card
PAY-000224,INV-000224,2025-02-26,488.81,USD,check
PAY-000225,INV-000225,2025-12-10,4994.85,USD,card
PAY-000226,INV-000226,2025-11-03,220.92,USD,card
PAY-000227,INV-000227,2025-10-10,3425.78,USD,bank_transfer
PAY-000228,INV-000228,2025-11-27,2295.29,USD,bank_transfer
PAY-000229,INV-000229,2025-09-19,1834.31,USD,card
PAY-000230,INV-000230,2025-12-31,558.40,USD,card
PAY-000231,INV-000231,2026-02-02,2607.68,USD,card
PAY-000232,INV-000232,2025-10-14,202.39,USD,card
PAY-000233,INV-000233,2025-06-04,1704.88,USD,check
PAY-000234,INV-000234,2025-01-30,3458.03,USD,card
PAY-000235,INV-000235,2025-02-20,993.47,USD,check
PAY-000236,INV-000236,2025-09-16,3288.94,USD,bank_transfer
PAY-000237,INV-000237,2025-06-04,2889.49,USD,card
PAY-000238,INV-000238,2025-12-25,2551.28,USD,check
PAY-000239,INV-000239,2025-12-23,4200.70,USD,bank_transfer
PAY-000240,INV-000240,2025-07-14,2897.98,USD,card
PAY-000241,INV-000241,2025-03-18,1188.07,USD,bank_transfer
PAY-000242,INV-000242,2025-12-29,4372.82,USD,check
PAY-000243,INV-000243,2025-06-16,2677.95,USD,card
PAY-000244,INV-000244,2025-10-04,2485.79,USD,check
PAY-000245,INV-000245,2025-04-23,2021.09,USD,check
PAY-000246,INV-000246,2025-03-28,4539.98,USD,card
PAY-000247,INV-000247,2025-07-11,4908.15,USD,bank_transfer
PAY-000248,INV-000248,2025-07-01,3816.59,USD,check
PAY-000249,INV-000249,2026-01-01,2577.12,USD,check
PAY-000250,INV-000250,2025-10-10,1819.44,USD,check
PAY-000251,INV-000251,2025-07-25,2397.31,USD,check
PAY-000252,INV-000252,2025-05-17,3007.86,USD,card
PAY-000253,INV-000253,2025-02-22,1678.16,USD,check
PAY-000254,INV-000254,2025-08-25,2034.16,USD,bank_transfer
PAY-000255,INV-000255,2025-10-13,204.08,USD,check
PAY-000256,INV-000256,2025-07-17,4569.73,USD,bank_transfer
PAY-000257,INV-000257,2025-09-27,4783.33,USD,check
PAY-000258,INV-000258,2025-03-24,2159.46,USD,bank_transfer
PAY-000259,INV-000259,2025-09-19,4107.44,USD,check
PAY-000260,INV-000260,2025-12-26,2093.95,USD,card
PAY-000261,INV-000261,2026-01-05,4515.42,USD,card
PAY-000262,INV-000262,2025-12-18,3778.14,USD,check
PAY-000263,INV-000263,2025-02-03,3247.26,USD,check
PAY-000264,INV-000264,2025-12-31,4838.32,USD,check
PAY-000265,INV-000265,2025-03-28,2285.26,USD,check
PAY-000266,INV-000266,2025-04-06,2336.15,USD,card
PAY-000267,INV-000267,2025-01-18,251.12,USD,card
PAY-000268,INV-000268,2025-07-12,1975.24,USD,bank_transfer
PAY-000269,INV-000269,2025-11-11,2170.33,USD,bank_transfer
PAY-000270,INV-000270,2025-05-07,927.86,USD,card
PAY-000271,INV-000271,2025-12-15,3591.59,USD,check
PAY-000272,INV-000272,2025-04-24,1227.33,USD,card
PAY-000273,INV-000273,2025-08-24,1348.64,USD,card
PAY-000274,INV-000274,2025-06-07,3562.63,USD,bank_transfer
PAY-000275,INV-000275,2025-09-21,4965.75,USD,card
PAY-000276,INV-000276,2025-12-10,2234.60,USD,card
PAY-000277,INV-000277,2025-07-04,1054.47,USD,bank_transfer
PAY-000278,INV-000278,2025-05-24,2009.44,USD,check
PAY-000279,INV-000279,2025-06-02,3676.23,USD,check
PAY-000280,INV-000280,2025-08-27,1449.06,USD,check
PAY-000281,INV-000281,2025-02-26,4784.25,USD,card
PAY-000282,INV-000282,2025-05-12,3192.76,USD,check
PAY-000283,INV-000283,2025-05-21,3265.25,USD,check
PAY-000284,INV-000284,2026-01-13,3579.64,USD,bank_transfer
PAY-000285,INV-000285,2025-12-07,3398.68,USD,card
PAY-000286,INV-000286,2025-01-26,3048.63,USD,bank_transfer
PAY-000287,INV-000287,2025-06-27,1722.94,USD,bank_transfer
PAY-000288,INV-000288,2025-05-06,702.89,USD,check
PAY-000289,INV-000289,2025-09-24,4799.30,USD,card
PAY-000290,INV-000290,2025-09-25,4238.32,USD,bank_transfer
PAY-000291,INV-000291,2025-09-11,404.78,USD,check
PAY-000292,INV-000292,2026-01-04,2093.58,USD,bank_transfer
PAY-000293,INV-000293,2025-08-25,82.97,USD,bank_transfer
PAY-000294,INV-000294,2025-10-03,1942.45,USD,card
PAY-000295,INV-000295,2025-11-19,2007.67,USD,bank_transfer
PAY-000296,INV-000296,2025-12-13,1235.90,USD,check
PAY-000297,INV-000297,2025-10-29,1729.69,USD,check
PAY-000298,INV-000298,2025-03-18,3341.34,USD,card
PAY-000299,INV-000299,2025-12-07,2150.64,USD,bank_transfer
PAY-000300,INV-000300,2025-01-27,1605.74,USD,bank_transfer
PAY-000301,INV-000301,2025-05-09,4661.79,USD,card
PAY-000302,INV-000302,2025-10-04,1955.16,USD,check
PAY-000303,INV-000303,2025-08-12,3089.35,USD,card
PAY-000304,INV-000304,2026-01-10,529.15,USD,card
PAY-000305,INV-000305,2025-06-16,181.52,USD,bank_transfer
PAY-000306,INV-000306,2025-09-08,2341.48,USD,bank_transfer
PAY-000307,INV-000307,2026-01-28,1935.89,USD,card
PAY-000308,INV-000308,2025-02-13,2097.39,USD,bank_transfer
PAY-000309,INV-000309,2025-09-03,490.63,USD,check
PAY-000310,INV-000310,2025-11-27,3140.76,USD,card
PAY-000311,INV-000311,2025-05-18,670.20,USD,bank_transfer
PAY-000312,INV-000312,2025-10-24,1096.10,USD,bank_transfer
PAY-000313,INV-000313,2025-07-26,4069.92,USD,bank_transfer
PAY-000314,INV-000314,2025-05-30,4510.52,USD,check
PAY-000315,INV-000315,2025-05-16,4196.51,USD,check
PAY-000316,INV-000316,2025-02-05,701.02,USD,bank_transfer
PAY-000317,INV-000317,2025-11-09,1707.49,USD,card
PAY-000318,INV-000318,2025-02-22,674.57,USD,check
PAY-000319,INV-000319,2025-03-30,3919.43,USD,card
PAY-000320,INV-000320,2025-07-11,2700.84,USD,card
PAY-000321,INV-000321,2025-09-17,1171.55,USD,check
PAY-000322,INV-000322,2026-01-02,2743.90,USD,check
PAY-000323,INV-000323,2025-02-10,328.90,USD,card
PAY-000324,INV-000324,2026-02-01,576.03,USD,card
PAY-000325,INV-000325,2025-02-27,4724.74,USD,check
PAY-000326,INV-000326,2025-04-03,354.36,USD,check
PAY-000327,INV-000327,2026-01-05,3078.99,USD,card
PAY-000328,INV-000328,2025-08-02,3142.05,USD,card
PAY-000329,INV-000329,2025-09-22,3184.18,USD,check
PAY-000330,INV-000330,2025-04-10,4481.08,USD,check
PAY-000331,INV-000331,2025-05-05,2264.80,USD,card
PAY-000332,INV-000332,2025-07-18,4348.05,USD,card
PAY-000333,INV-000333,2025-03-10,1648.65,USD,check
PAY-000334,INV-000334,2025-06-23,1972.41,USD,card
PAY-000335,INV-000335,2025-02-09,488.28,USD,card
PAY-000336,INV-000336,2025-03-14,3913.79,USD,bank_transfer
PAY-000337,INV-000337,2025-11-16,324.47,USD,check
PAY-000338,INV-000338,2025-07-14,3522.79,USD,card
PAY-000339,INV-000339,2026-01-03,4944.23,USD,check
PAY-000340,INV-000340,2025-02-15,1518.00,USD,card
PAY-000341,INV-000341,2025-03-08,3039.95,USD,bank_transfer
PAY-000342,INV-000342,2025-12-09,2538.06,USD,card
PAY-000343,INV-000343,2025-10-29,1937.07,USD,check
PAY-000344,INV-000344,2025-05-31,4242.16,USD,check
PAY-000345,INV-000345,2025-12-16,3548.82,USD,bank_transfer
PAY-000346,INV-000346,2025-12-22,4881.07,USD,card
PAY-000347,INV-000347,2025-02-28,955.89,USD,card
PAY-000348,INV-000348,2025-07-04,1850.37,USD,bank_transfer
PAY-000349,INV-000349,2025-10-21,3456.37,USD,bank_transfer
PAY-000350,INV-000350,2025-12-24,170.73,USD,bank_transfer
PAY-000351,INV-000351,2025-08-02,2211.13,USD,bank_transfer
PAY-000352,INV-000352,2025-07-29,1643.87,USD,check
PAY-000353,INV-000353,2025-11-11,455.41,USD,bank_transfer
PAY-000354,INV-000354,2025-11-18,270.89,USD,card
PAY-000355,INV-000355,2025-09-15,3480.46,USD,check
PAY-000356,INV-000356,2025-08-28,2181.51,USD,check
PAY-000357,INV-000357,2025-03-07,1819.69,USD,card
PAY-000358,INV-000358,2026-01-14,3567.22,USD,check
PAY-000359,INV-000359,2025-12-22,1627.00,USD,card
PAY-000360,INV-000360,2025-11-16,297.21,USD,card
PAY-000361,INV-000361,2025-05-05,4033.12,USD,card
PAY-000362,INV-000362,2025-07-18,639.06,USD,check
PAY-000363,INV-000363,2025-09-02,931.14,USD,check
PAY-000364,INV-000364,2026-01-31,1216.44,USD,check
PAY-000365,INV-000365,2025-07-03,387.88,USD,card
PAY-000366,INV-000366,2025-01-30,2420.43,USD,check
PAY-000367,INV-000367,2025-09-22,3016.26,USD,check
PAY-000368,INV-000368,2025-08-27,1527.89,USD,bank_transfer
PAY-000369,INV-000369,2025-07-15,911.11,USD,check
PAY-000370,INV-000370,2025-07-11,472.05,USD,bank_transfer
PAY-000371,INV-000371,2025-09-14,3097.38,USD,bank_transfer
PAY-000372,INV-000372,2025-08-12,4574.05,USD,bank_transfer
PAY-000373,INV-000373,2025-06-24,4094.82,USD,check
PAY-000374,INV-000374,2025-12-23,607.82,USD,bank_transfer
PAY-000375,INV-000375,2025-08-08,1850.77,USD,bank_transfer
PAY-000376,INV-000376,2025-05-17,548.99,USD,bank_transfer
PAY-000377,INV-000377,2025-05-10,3168.30,USD,bank_transfer
PAY-000378,INV-000378,2025-05-11,4997.51,USD,card
PAY-000379,INV-000379,2025-10-02,3965.46,USD,card
PAY-000380,INV-000380,2026-01-25,4855.22,USD,check
PAY-000381,INV-000381,2025-12-06,1704.54,USD,bank_transfer
PAY-000382,INV-000382,2025-09-11,368.01,USD,check
PAY-000383,INV-000383,2025-07-12,4185.06,USD,bank_transfer
PAY-000384,INV-000384,2025-07-19,2669.90,USD,card
PAY-000385,INV-000385,2025-09-12,207.17,USD,card
PAY-000386,INV-000386,2025-03-20,3389.90,USD,check
PAY-000387,INV-000387,2025-10-24,2025.79,USD,check
PAY-000388,INV-000388,2025-03-04,2367.89,USD,bank_transfer
PAY-000389,INV-000389,2025-07-16,3181.97,USD,bank_transfer
PAY-000390,INV-000390,2025-02-22,2372.03,USD,check
PAY-000391,INV-000391,2025-02-24,2655.28,USD,bank_transfer
PAY-000392,INV-000392,2025-06-04,3719.97,USD,check
PAY-000393,INV-000393,2025-10-18,3207.13,USD,card
PAY-000394,INV-000394,2025-06-15,2041.17,USD,check
PAY-000395,INV-000395,2025-12-14,284.54,USD,card
PAY-000396,INV-000396,2025-03-10,1738.52,USD,check
PAY-000397,INV-000397,2025-08-28,1499.74,USD,check
PAY-000398,INV-000398,2025-04-24,1757.77,USD,check
PAY-000399,INV-000399,2025-04-02,4816.39,USD,check
PAY-000400,INV-000400,2026-01-01,3481.49,USD,check
PAY-000401,INV-000401,2026-01-17,4927.83,USD,check
PAY-000402,INV-000402,2025-07-20,3383.75,USD,check
PAY-000403,INV-000403,2026-02-07,4356.13,USD,check
PAY-000404,INV-000404,2025-03-16,3397.03,USD,check
PAY-000405,INV-000405,2025-07-24,105.58,USD,bank_transfer
PAY-000406,INV-000406,2025-05-21,1801.66,USD,bank_transfer
PAY-000407,INV-000407,2025-04-30,731.23,USD,card
PAY-000408,INV-000408,2025-03-27,2671.75,USD,check
PAY-000409,INV-000409,2025-10-18,207.90,USD,check
PAY-000410,INV-000410,2025-03-18,3141.29,USD,bank_transfer
PAY-000411,INV-000411,2025-05-12,4368.64,USD,bank_transfer
PAY-000412,INV-000412,2025-09-05,239.07,USD,check
PAY-000413,INV-000413,2025-05-20,2338.88,USD,check
PAY-000414,INV-000414,2025-09-02,1236.84,USD,card
PAY-000415,INV-000415,2025-09-21,4749.42,USD,check
PAY-000416,INV-000416,2025-11-07,2319.99,USD,card
PAY-000417,INV-000417,2025-09-25,2775.40,USD,bank_transfer
PAY-000418,INV-000418,2025-11-09,735.60,USD,check
PAY-000419,INV-000419,2025-10-09,4592.89,USD,bank_transfer
PAY-000420,INV-000420,2026-01-07,4444.91,USD,card
PAY-000421,INV-000421,2025-03-01,4010.92,USD,card
PAY-000422,INV-000422,2025-09-25,782.53,USD,bank_transfer
PAY-000423,INV-000423,2025-08-20,4648.00,USD,card
PAY-000424,INV-000424,2025-02-20,2088.56,USD,bank_transfer
PAY-000425,INV-000425,2025-07-31,437.84,USD,bank_transfer
PAY-000426,INV-000426,2025-07-28,4890.20,USD,check
PAY-000427,INV-000427,2025-06-29,4159.11,USD,bank_transfer
PAY-000428,INV-000428,2025-07-10,4819.79,USD,bank_transfer
PAY-000429,INV-000429,2026-02-05,2469.48,USD,bank_transfer
PAY-000430,INV-000430,2025-02-23,109.63,USD,bank_transfer
PAY-000431,INV-000431,2025-11-15,4939.49,USD,check
PAY-000432,INV-000432,2025-08-23,592.93,USD,bank_transfer
PAY-000433,INV-000433,2025-06-19,648.83,USD,card
PAY-000434,INV-000434,2025-12-23,4172.31,USD,bank_transfer
PAY-000435,INV-000435,2025-04-05,4396.65,USD,check
PAY-000436,INV-000436,2025-02-14,3323.26,USD,bank_transfer
PAY-000437,INV-000437,2025-03-15,1537.10,USD,check
PAY-000438,INV-000438,2025-07-26,1271.24,USD,bank_transfer
PAY-000439,INV-000439,2026-01-09,3513.37,USD,card
PAY-000440,INV-000440,2025-03-08,2768.06,USD,check
PAY-000441,INV-000441,2025-11-10,116.61,USD,bank_transfer
PAY-000442,INV-000442,2025-12-08,2038.37,USD,check
PAY-000443,INV-000443,2025-01-31,1882.20,USD,bank_transfer
PAY-000444,INV-000444,2026-01-09,3303.87,USD,check
PAY-000445,INV-000445,2025-07-12,709.45,USD,check
PAY-000446,INV-000446,2025-07-04,4275.12,USD,check
PAY-000447,INV-000447,2025-10-05,3655.84,USD,bank_transfer
PAY-000448,INV-000448,2025-04-09,340.82,USD,bank_transfer
PAY-000449,INV-000449,2025-06-12,1066.91,USD,bank_transfer
PAY-000450,INV-000450,2025-07-13,4903.55,USD,card
PAY-000451,INV-000451,2025-10-08,2491.97,USD,check
PAY-000452,INV-000452,2025-04-11,1510.04,USD,check
PAY-000453,INV-000453,2025-07-12,1442.44,USD,card
PAY-000454,INV-000454,2025-08-17,3907.07,USD,card
PAY-000455,INV-000455,2025-05-07,2611.53,USD,card
PAY-000456,INV-000456,2025-10-20,1408.38,USD,bank_transfer
PAY-000457,INV-000457,2025-09-12,3168.59,USD,card
PAY-000458,INV-000458,2025-07-04,547.90,USD,check
PAY-000459,INV-000459,2025-07-09,1616.92,USD,check
PAY-000460,INV-000460,2025-09-04,883.69,USD,card
PAY-000461,INV-000461,2025-09-08,232.06,USD,check
PAY-000462,INV-000462,2025-08-14,1449.46,USD,bank_transfer
PAY-000463,INV-000463,2026-01-02,3352.40,USD,check
PAY-000464,INV-000464,2025-12-23,848.79,USD,check
PAY-000465,INV-000465,2025-12-16,4106.32,USD,bank_transfer
PAY-000466,INV-000466,2025-03-17,1247.29,USD,card
PAY-000467,INV-000467,2025-07-07,2017.25,USD,check
PAY-000468,INV-000468,2025-04-12,3570.24,USD,card
PAY-000469,INV-000469,2025-09-21,4010.76,USD,bank_transfer
PAY-000470,INV-000470,2025-10-19,1933.87,USD,check
PAY-000471,INV-000471,2025-05-24,1318.68,USD,check
PAY-000472,INV-000472,2025-04-30,2626.42,USD,check
PAY-000473,INV-000473,2025-03-18,1382.46,USD,check
PAY-000474,INV-000474,2025-09-04,1134.96,USD,check
PAY-000475,INV-000475,2025-09-17,1059.51,USD,bank_transfer
PAY-000476,INV-000476,2025-09-17,915.21,USD,bank_transfer
PAY-000477,INV-000477,2026-01-27,4442.96,USD,card
PAY-000478,INV-000478,2026-02-02,350.46,USD,card
PAY-000479,INV-000479,2025-07-18,4473.58,USD,check
PAY-000480,INV-000480,2026-01-17,3353.38,USD,check
PAY-000481,INV-000481,2025-05-03,646.28,USD,bank_transfer
PAY-000482,INV-000482,2025-10-15,147.80,USD,check
PAY-000483,INV-000483,2025-07-16,2460.55,USD,check
PAY-000484,INV-000484,2025-03-11,354.70,USD,check
PAY-000485,INV-000485,2025-09-29,2766.15,USD,check
PAY-000486,INV-000486,2025-03-20,667.07,USD,bank_transfer
PAY-000487,INV-000487,2025-09-21,2452.30,USD,card
PAY-000488,INV-000488,2025-04-11,4613.03,USD,check
PAY-000489,INV-000489,2025-11-05,964.01,USD,card
PAY-000490,INV-000490,2025-09-22,4784.75,USD,check
PAY-000491,INV-000491,2025-03-30,1604.48,USD,card
PAY-000492,INV-000492,2026-02-01,1192.11,USD,card
PAY-000493,INV-000493,2025-03-22,1323.89,USD,check
PAY-000494,INV-000494,2025-06-09,666.25,USD,check
PAY-000495,INV-000495,2025-11-11,499.83,USD,bank_transfer
PAY-000496,INV-000496,2025-11-09,4946.73,USD,bank_transfer
PAY-000497,INV-000497,2026-01-11,3284.06,USD,card
PAY-000498,INV-000498,2025-10-21,225.97,USD,bank_transfer
PAY-000499,INV-000499,2025-12-11,4052.37,USD,check
PAY-000500,INV-000500,2025-05-14,4031.07,USD,check
PAY-000501,INV-000501,2026-01-03,168.78,USD,check
PAY-000502,INV-000502,2025-06-28,3375.44,USD,bank_transfer
PAY-000503,INV-000503,2026-01-15,2139.09,USD,bank_transfer
PAY-000504,INV-000504,2026-01-16,324.11,USD,card
PAY-000505,INV-000505,2025-09-26,2445.01,USD,check
PAY-000506,INV-000506,2025-04-04,1648.83,USD,check
PAY-000507,INV-000507,2025-07-19,2100.42,USD,check
PAY-000508,INV-000508,2025-10-30,566.70,USD,card
PAY-000509,INV-000509,2025-03-19,1412.32,USD,bank_transfer
PAY-000510,INV-000510,2025-03-15,275.31,USD,check
PAY-000511,INV-000511,2025-08-23,1311.65,USD,check
PAY-000512,INV-000512,2025-06-20,1005.27,USD,card
PAY-000513,INV-000513,2025-10-10,2457.45,USD,card
PAY-000514,INV-000514,2025-02-13,482.11,USD,card
PAY-000515,INV-000515,2025-05-26,1137.97,USD,bank_transfer
PAY-000516,INV-000516,2025-03-05,1485.11,USD,check
PAY-000517,INV-000517,2026-01-14,2477.23,USD,bank_transfer
PAY-000518,INV-000518,2025-03-13,2269.30,USD,check
PAY-000519,INV-000519,2025-07-30,4014.80,USD,bank_transfer
PAY-000520,INV-000520,2025-08-29,278.21,USD,bank_transfer
PAY-000521,INV-000521,2025-07-09,2910.48,USD,card
PAY-000522,INV-000522,2025-10-21,2371.15,USD,card
PAY-000523,INV-000523,2025-11-23,3577.24,USD,bank_transfer
PAY-000524,INV-000524,2025-03-12,2075.18,USD,check
PAY-000525,INV-000525,2025-07-19,3968.19,USD,check
PAY-000526,INV-000526,2025-09-20,2114.42,USD,bank_transfer
PAY-000527,INV-000527,2025-02-10,728.46,USD,card
PAY-000528,INV-000528,2025-10-31,2405.93,USD,check
PAY-000529,INV-000529,2025-04-02,1729.48,USD,bank_transfer
PAY-000530,INV-000530,2025-08-09,3242.23,USD,check
PAY-000531,INV-000531,2025-07-26,2669.79,USD,card
PAY-000532,INV-000532,2026-01-28,2961.34,USD,bank_transfer
PAY-000533,INV-000533,2025-07-15,1746.64,USD,card
PAY-000534,INV-000534,2025-12-09,1623.11,USD,check
PAY-000535,INV-000535,2025-01-30,3139.52,USD,check
PAY-000536,INV-000536,2025-10-27,3038.46,USD,check
PAY-000537,INV-000537,2025-10-13,903.97,USD,check
PAY-000538,INV-000538,2025-11-23,4071.16,USD,check
PAY-000539,INV-000539,2025-06-18,175.52,USD,bank_transfer
PAY-000540,INV-000540,2025-04-28,109.28,USD,card
PAY-000541,INV-000541,2025-04-01,2175.10,USD,card
PAY-000542,INV-000542,2025-10-14,4073.08,USD,check
PAY-000543,INV-000543,2025-03-06,3710.29,USD,bank_transfer
PAY-000544,INV-000544,2025-11-14,1714.19,USD,check
PAY-000545,INV-000545,2025-08-10,1654.96,USD,check
PAY-000546,INV-000546,2025-08-07,2874.04,USD,check
PAY-000547,INV-000547,2025-12-31,3382.79,USD,check
PAY-000548,INV-000548,2025-09-22,1018.01,USD,check
PAY-000549,INV-000549,2025-06-20,1188.95,USD,check
PAY-000550,INV-000550,2025-05-18,3628.84,USD,card
PAY-000551,INV-000551,2025-09-20,1838.73,USD,card
PAY-000552,INV-000552,2025-04-07,3016.67,USD,card
PAY-000553,INV-000553,2025-07-31,4300.65,USD,card
PAY-000554,INV-000554,2025-01-27,1518.01,USD,card
PAY-000555,INV-000555,2025-09-14,3449.18,USD,bank_transfer
PAY-000556,INV-000556,2025-05-01,4350.85,USD,check
PAY-000557,INV-000557,2025-12-29,1434.07,USD,check
PAY-000558,INV-000558,2025-10-31,1264.52,USD,check
PAY-000559,INV-000559,2025-10-13,1193.16,USD,bank_transfer
PAY-000560,INV-000560,2025-04-07,2176.88,USD,card
PAY-000561,INV-000561,2025-03-01,3581.40,USD,bank_transfer
PAY-000562,INV-000562,2025-11-04,4881.15,USD,check
PAY-000563,INV-000563,2025-09-13,2513.20,USD,card
PAY-000564,INV-000564,2025-06-17,1506.39,USD,bank_transfer
PAY-000565,INV-000565,2026-01-03,3020.11,USD,check
PAY-000566,INV-000566,2025-02-15,4797.95,USD,bank_transfer
PAY-000567,INV-000567,2025-02-19,4394.11,USD,bank_transfer
PAY-000568,INV-000568,2025-05-29,4606.65,USD,card
PAY-000569,INV-000569,2025-11-08,3170.31,USD,card
PAY-000570,INV-000570,2025-09-23,3372.32,USD,card
PAY-000571,INV-000571,2025-04-08,4472.00,USD,card
PAY-000572,INV-000572,2025-04-30,4250.51,USD,bank_transfer
PAY-000573,INV-000573,2025-10-07,3408.88,USD,bank_transfer
PAY-000574,INV-000574,2025-01-26,3871.99,USD,check
PAY-000575,INV-000575,2025-12-23,3980.34,USD,check
PAY-000576,INV-000576,2025-12-21,4713.08,USD,check
PAY-000577,INV-000577,2025-07-29,464.75,USD,bank_transfer
PAY-000578,INV-000578,2025-04-25,747.21,USD,bank_transfer
PAY-000579,INV-000579,2025-01-19,1377.26,USD,card
PAY-000580,INV-000580,2025-06-23,1738.18,USD,check
PAY-000581,INV-000581,2025-12-01,69.95,USD,card
PAY-000582,INV-000582,2026-02-01,1248.90,USD,bank_transfer
PAY-000583,INV-000583,2025-09-21,1618.54,USD,check
PAY-000584,INV-000584,2025-10-04,4849.73,USD,check
PAY-000585,INV-000585,2025-03-25,3358.68,USD,check
PAY-000586,INV-000586,2025-05-24,1158.86,USD,bank_transfer
PAY-000587,INV-000587,2025-09-13,3930.28,USD,card
PAY-000588,INV-000588,2026-01-29,2889.57,USD,check
PAY-000589,INV-000589,2025-06-04,4004.33,USD,check
PAY-000590,INV-000590,2025-03-16,2765.16,USD,check
PAY-000591,INV-000591,2025-07-12,419.48,USD,bank_transfer
PAY-000592,INV-000592,2025-10-20,4743.73,USD,check
PAY-000593,INV-000593,2025-10-22,795.65,USD,check
PAY-000594,INV-000594,2025-08-28,619.43,USD,check
PAY-000595,INV-000595,2025-11-27,2572.86,USD,card
PAY-000596,INV-000596,2025-03-02,2387.29,USD,card
PAY-000597,INV-000597,2025-09-26,2966.51,USD,card
PAY-000598,INV-000598,2025-12-12,4240.56,USD,card
PAY-000599,INV-000599,2025-05-24,4290.56,USD,check
PAY-000600,INV-000600,2025-03-01,247.44,USD,check
PAY-000601,INV-000601,2025-02-06,2847.25,USD,card
PAY-000602,INV-000602,2025-01-28,1515.18,USD,bank_transfer
PAY-000603,INV-000603,2025-12-21,3833.57,USD,card
PAY-000604,INV-000604,2025-08-08,2361.62,USD,bank_transfer
PAY-000605,INV-000605,2025-12-24,3479.69,USD,check
PAY-000606,INV-000606,2025-08-01,631.97,USD,card
PAY-000607,INV-000607,2025-10-12,677.66,USD,bank_transfer
PAY-000608,INV-000608,2025-02-24,1574.28,USD,check
PAY-000609,INV-000609,2025-10-30,2233.65,USD,bank_transfer
PAY-000610,INV-000610,2025-05-16,2425.00,USD,card
PAY-000611,INV-000611,2025-04-14,4924.73,USD,bank_transfer
PAY-000612,INV-000612,2025-12-06,2208.02,USD,bank_transfer
PAY-000613,INV-000613,2025-05-24,362.79,USD,bank_transfer
PAY-000614,INV-000614,2025-10-01,3144.11,USD,bank_transfer
PAY-000615,INV-000615,2025-05-31,3892.56,USD,card
PAY-000616,INV-000616,2025-05-03,2839.89,USD,bank_transfer
PAY-000617,INV-000617,2025-10-21,1526.57,USD,card
PAY-000618,INV-000618,2025-12-05,3144.81,USD,card
PAY-000619,INV-000619,2025-06-13,1592.11,USD,check
PAY-000620,INV-000620,2025-05-11,2178.24,USD,bank_transfer
PAY-000621,INV-000621,2025-10-24,4982.97,USD,check
PAY-000622,INV-000622,2026-01-14,2249.76,USD,bank_transfer
PAY-000623,INV-000623,2025-08-07,4946.62,USD,card
PAY-000624,INV-000624,2025-10-22,1681.08,USD,card
PAY-000625,INV-000625,2025-03-29,1582.27,USD,check
PAY-000626,INV-000626,2025-09-19,1273.36,USD,check
PAY-000627,INV-000627,2025-03-18,4234.58,USD,check
PAY-000628,INV-000628,2025-09-02,2193.70,USD,bank_transfer
PAY-000629,INV-000629,2025-07-31,1283.27,USD,card
PAY-000630,INV-000630,2025-12-21,424.55,USD,bank_transfer
PAY-000631,INV-000631,2025-10-05,3808.91,USD,card
PAY-000632,INV-000632,2025-08-20,3541.98,USD,bank_transfer
PAY-000633,INV-000633,2025-03-16,996.51,USD,check
PAY-000634,INV-000634,2026-01-09,2939.98,USD,bank_transfer
PAY-000635,INV-000635,2025-07-03,1599.57,USD,bank_transfer
PAY-000636,INV-000636,2025-04-01,3925.79,USD,bank_transfer
PAY-000637,INV-000637,2026-01-05,3178.80,USD,card
PAY-000638,INV-000638,2025-05-21,2904.48,USD,card
PAY-000639,INV-000639,2025-09-18,2807.86,USD,card
PAY-000640,INV-000640,2025-06-14,1895.57,USD,card
PAY-000641,INV-000641,2025-03-22,4219.07,USD,card
PAY-000642,INV-000642,2025-05-11,1953.56,USD,bank_transfer
PAY-000643,INV-000643,2025-10-25,4540.29,USD,bank_transfer
PAY-000644,INV-000644,2025-06-20,2910.94,USD,check
PAY-000645,INV-000645,2025-08-14,1557.65,USD,card
PAY-000646,INV-000646,2025-05-13,2001.45,USD,card
PAY-000647,INV-000647,2025-10-30,3442.03,USD,card
PAY-000648,INV-000648,2025-10-09,3803.52,USD,card
PAY-000649,INV-000649,2025-04-07,3851.83,USD,bank_transfer
PAY-000650,INV-000650,2025-11-10,2570.18,USD,check
PAY-000651,INV-000651,2025-02-04,2756.97,USD,check
PAY-000652,INV-000652,2025-02-20,4017.33,USD,bank_transfer
PAY-000653,INV-000653,2026-01-03,1223.37,USD,bank_transfer
PAY-000654,INV-000654,2025-02-03,1156.72,USD,card
PAY-000655,INV-000655,2025-03-14,3249.23,USD,check
PAY-000656,INV-000656,2025-09-06,3466.54,USD,bank_transfer
PAY-000657,INV-000657,2025-09-30,2902.20,USD,bank_transfer
PAY-000658,INV-000658,2025-11-02,3796.36,USD,card
PAY-000659,INV-000659,2025-02-21,2643.05,USD,card
PAY-000660,INV-000660,2025-05-05,571.07,USD,bank_transfer
PAY-000661,INV-000661,2025-06-06,1016.27,USD,card
PAY-000662,INV-000662,2025-07-06,1411.55,USD,card
PAY-000663,INV-000663,2025-08-11,2416.47,USD,check
PAY-000664,INV-000664,2025-05-01,1582.73,USD,check
PAY-000665,INV-000665,2025-12-04,3992.41,USD,card
PAY-000666,INV-000666,2025-08-13,1987.45,USD,bank_transfer
PAY-000667,INV-000667,2025-12-03,59.54,USD,bank_transfer
PAY-000668,INV-000668,2025-10-24,4441.96,USD,card
PAY-000669,INV-000669,2025-11-19,4508.18,USD,bank_transfer
PAY-000670,INV-000670,2025-06-03,1118.43,USD,card
PAY-000671,INV-000671,2025-07-01,254.11,USD,card
PAY-000672,INV-000672,2025-10-08,2964.41,USD,bank_transfer
PAY-000673,INV-000673,2025-07-18,92.09,USD,bank_transfer
PAY-000674,INV-000674,2026-01-04,4313.89,USD,card
PAY-000675,INV-000675,2025-04-30,2966.76,USD,card
PAY-000676,INV-000676,2026-01-03,4710.37,USD,card
PAY-000677,INV-000677,2025-03-18,4154.48,USD,check
PAY-000678,INV-000678,2025-07-24,291.52,USD,bank_transfer
PAY-000679,INV-000679,2025-03-19,1795.68,USD,check
PAY-000680,INV-000680,2025-07-24,4065.65,USD,check
PAY-000681,INV-000681,2025-06-20,4118.04,USD,bank_transfer
PAY-000682,INV-000682,2025-07-29,2909.51,USD,bank_transfer
PAY-000683,INV-000683,2026-01-08,3081.67,USD,bank_transfer
PAY-000684,INV-000684,2025-12-28,1558.63,USD,bank_transfer
PAY-000685,INV-000685,2025-03-08,1414.94,USD,check
PAY-000686,INV-000686,2025-12-15,818.85,USD,card
PAY-000687,INV-000687,2025-07-04,568.63,USD,card
PAY-000688,INV-000688,2025-09-02,1897.00,USD,bank_transfer
PAY-000689,INV-000689,2025-04-05,467.68,USD,card
PAY-000690,INV-000690,2025-11-08,2918.43,USD,bank_transfer
PAY-000691,INV-000691,2025-02-18,479.86,USD,bank_transfer
PAY-000692,INV-000692,2025-11-26,3145.47,USD,bank_transfer
PAY-000693,INV-000693,2025-06-04,2179.55,USD,check
PAY-000694,INV-000694,2025-11-19,4755.89,USD,check
PAY-000695,INV-000695,2025-04-07,3603.02,USD,bank_transfer
PAY-000696,INV-000696,2025-06-18,1588.79,USD,bank_transfer
PAY-000697,INV-000697,2025-02-19,886.64,USD,card
PAY-000698,INV-000698,2025-06-26,2548.76,USD,card
PAY-000699,INV-000699,2025-06-07,3789.58,USD,check
PAY-000700,INV-000700,2025-11-18,1035.23,USD,bank_transfer
PAY-000701,INV-000701,2025-06-26,45.48,USD,check
PAY-000702,INV-000702,2025-08-11,4225.67,USD,card
PAY-000703,INV-000703,2025-09-16,4285.44,USD,bank_transfer
PAY-000704,INV-000704,2025-07-17,1691.20,USD,bank_transfer
PAY-000705,INV-000705,2025-09-28,1657.22,USD,card
PAY-000706,INV-000706,2025-07-09,3862.85,USD,card
PAY-000707,INV-000707,2025-11-11,4109.79,USD,card
PAY-000708,INV-000708,2025-06-16,4290.78,USD,bank_transfer
PAY-000709,INV-000709,2025-11-19,1057.52,USD,bank_transfer
PAY-000710,INV-000710,2025-12-17,4034.52,USD,check
PAY-000711,INV-000711,2025-09-07,4953.90,USD,card
PAY-000712,INV-000712,2025-06-03,4368.31,USD,card
PAY-000713,INV-000713,2026-01-20,2627.78,USD,card
PAY-000714,INV-000714,2025-05-13,1334.77,USD,check
PAY-000715,INV-000715,2025-08-09,4147.03,USD,card
PAY-000716,INV-000716,2025-11-28,2522.57,USD,check
PAY-000717,INV-000717,2025-10-13,4851.77,USD,check
PAY-000718,INV-000718,2025-03-04,4155.65,USD,check
PAY-000719,INV-000719,2025-11-07,3355.90,USD,bank_transfer
PAY-000720,INV-000720,2025-12-13,3494.91,USD,check
PAY-000721,INV-000721,2025-12-21,242.24,USD,check
PAY-000722,INV-000722,2025-12-19,2105.14,USD,card
PAY-000723,INV-000723,2025-03-12,65.30,USD,bank_transfer
PAY-000724,INV-000724,2025-10-24,3925.66,USD,check
PAY-000725,INV-000725,2026-01-16,3025.89,USD,card
PAY-000726,INV-000726,2025-09-01,2437.78,USD,check
PAY-000727,INV-000727,2026-01-11,2633.88,USD,bank_transfer
PAY-000728,INV-000728,2025-10-01,558.13,USD,bank_transfer
PAY-000729,INV-000729,2025-03-10,4368.49,USD,card
PAY-000730,INV-000730,2025-06-22,1808.65,USD,check
PAY-000731,INV-000731,2025-09-11,1836.09,USD,card
PAY-000732,INV-000732,2025-12-27,2382.12,USD,card
PAY-000733,INV-000733,2025-01-30,4257.70,USD,bank_transfer
PAY-000734,INV-000734,2025-08-07,3407.22,USD,bank_transfer
PAY-000735,INV-000735,2025-06-09,2715.29,USD,bank_transfer
PAY-000736,INV-000736,2025-07-18,2945.22,USD,bank_transfer
PAY-000737,INV-000737,2025-08-07,3311.75,USD,check
PAY-000738,INV-000738,2025-12-04,2275.62,USD,check
PAY-000739,INV-000739,2025-12-09,4639.97,USD,check
PAY-000740,INV-000740,2025-09-22,2048.61,USD,bank_transfer
PAY-000741,INV-000741,2025-05-31,1469.32,USD,bank_transfer
PAY-000742,INV-000742,2025-11-03,543.47,USD,card
PAY-000743,INV-000743,2025-06-23,1043.23,USD,card
PAY-000744,INV-000744,2026-01-12,4532.69,USD,check
PAY-000745,INV-000745,2025-07-19,3139.84,USD,card
PAY-000746,INV-000746,2025-11-19,608.90,USD,card
PAY-000747,INV-000747,2025-12-28,914.54,USD,card
PAY-000748,INV-000748,2025-12-24,3104.18,USD,bank_transfer
PAY-000749,INV-000749,2025-06-29,627.93,USD,bank_transfer
PAY-000750,INV-000750,2025-04-13,1967.19,USD,check
PAY-000751,INV-000751,2025-07-26,2202.77,USD,check
PAY-000752,INV-000752,2025-08-16,2227.94,USD,check
PAY-000753,INV-000753,2025-10-14,3645.58,USD,check
PAY-000754,INV-000754,2025-04-04,2577.13,USD,bank_transfer
PAY-000755,INV-000755,2025-07-20,4424.42,USD,bank_transfer
PAY-000756,INV-000756,2025-07-11,60.24,USD,bank_transfer
PAY-000757,INV-000757,2025-08-26,2954.30,USD,card
PAY-000758,INV-000758,2025-08-24,3599.78,USD,check
PAY-000759,INV-000759,2025-08-21,2572.19,USD,check
PAY-000760,INV-000760,2025-01-30,4182.70,USD,card
PAY-000761,INV-000761,2025-02-20,1451.02,USD,card
PAY-000762,INV-000762,2025-05-03,4103.32,USD,check
PAY-000763,INV-000763,2025-09-18,2892.14,USD,check
PAY-000764,INV-000764,2025-04-03,1414.50,USD,card
PAY-000765,INV-000765,2025-10-07,4322.85,USD,check
PAY-000766,INV-000766,2025-09-10,2874.46,USD,bank_transfer
PAY-000767,INV-000767,2025-12-20,3949.21,USD,bank_transfer
PAY-000768,INV-000768,2025-08-24,1387.90,USD,card
PAY-000769,INV-000769,2025-03-15,4076.54,USD,check
PAY-000770,INV-000770,2025-12-13,3623.04,USD,check
PAY-000771,INV-000771,2025-12-29,2254.82,USD,bank_transfer
PAY-000772,INV-000772,2025-04-19,4275.23,USD,check
PAY-000773,INV-000773,2025-08-06,2800.68,USD,check
PAY-000774,INV-000774,2025-04-15,1706.87,USD,card
PAY-000775,INV-000775,2025-12-03,1411.64,USD,bank_transfer
PAY-000776,INV-000776,2025-03-14,3942.65,USD,card
PAY-000777,INV-000777,2025-12-10,675.25,USD,bank_transfer
PAY-000778,INV-000778,2025-03-31,3739.75,USD,check
PAY-000779,INV-000779,2025-08-26,2576.17,USD,check
PAY-000780,INV-000780,2025-06-11,3301.54,USD,card
PAY-000781,INV-000781,2025-02-13,3332.03,USD,card
PAY-000782,INV-000782,2025-11-04,3941.12,USD,card
PAY-000783,INV-000783,2025-09-10,4992.06,USD,check
PAY-000784,INV-000784,2025-01-07,4565.57,USD,check
PAY-000785,INV-000785,2025-10-06,3338.39,USD,card
PAY-000786,INV-000786,2025-02-27,4181.64,USD,bank_transfer
PAY-000787,INV-000787,2025-09-08,4334.57,USD,card
PAY-000788,INV-000788,2025-07-06,4352.90,USD,check
PAY-000789,INV-000789,2025-11-23,694.68,USD,card
PAY-000790,INV-000790,2025-12-18,4006.40,USD,bank_transfer
PAY-000791,INV-000791,2025-11-18,4119.83,USD,bank_transfer
PAY-000792,INV-000792,2025-03-22,2323.60,USD,card
PAY-000793,INV-000793,2025-05-25,3620.20,USD,card
PAY-000794,INV-000794,2025-03-28,4594.49,USD,check
PAY-000795,INV-000795,2025-07-27,1322.76,USD,check
PAY-000796,INV-000796,2025-12-24,877.82,USD,check
PAY-000797,INV-000797,2025-06-20,3816.26,USD,card
PAY-000798,INV-000798,2025-12-08,488.14,USD,bank_transfer
PAY-000799,INV-000799,2025-04-28,2509.84,USD,check
PAY-000800,INV-000800,2025-05-24,2733.38,USD,bank_transfer
PAY-000801,INV-000801,2025-01-12,3656.93,USD,card
PAY-000802,INV-000802,2025-12-26,702.97,USD,bank_transfer
PAY-000803,INV-000803,2025-07-22,478.35,USD,bank_transfer
PAY-000804,INV-000804,2025-06-18,1937.08,USD,card
PAY-000805,INV-000805,2025-03-19,3373.70,USD,bank_transfer
PAY-000806,INV-000806,2025-11-07,2963.26,USD,check
PAY-000807,INV-000807,2025-04-08,2317.38,USD,check
PAY-000808,INV-000808,2025-04-27,4832.89,USD,check
PAY-000809,INV-000809,2025-08-20,4518.68,USD,bank_transfer
PAY-000810,INV-000810,2025-04-19,3954.98,USD,check
PAY-000811,INV-000811,2025-08-05,1853.05,USD,bank_transfer
PAY-000812,INV-000812,2025-05-12,1462.10,USD,bank_transfer
PAY-000813,INV-000813,2025-11-18,3160.96,USD,card
PAY-000814,INV-000814,2026-01-08,150.63,USD,bank_transfer
PAY-000815,INV-000815,2025-10-05,3192.04,USD,check
PAY-000816,INV-000816,2025-07-23,1559.49,USD,bank_transfer
PAY-000817,INV-000817,2025-09-26,2033.15,USD,card
PAY-000818,INV-000818,2025-12-26,3123.90,USD,bank_transfer
PAY-000819,INV-000819,2025-07-12,4906.45,USD,card
PAY-000820,INV-000820,2025-11-22,2216.53,USD,check
PAY-000821,INV-000821,2025-04-03,4008.88,USD,bank_transfer
PAY-000822,INV-000822,2025-11-13,364.06,USD,bank_transfer
PAY-000823,INV-000823,2025-02-15,4846.97,USD,check
PAY-000824,INV-000824,2025-06-28,3305.52,USD,card
PAY-000825,INV-000825,2025-08-10,3689.50,USD,check
PAY-000826,INV-000826,2025-10-11,2828.86,USD,card
PAY-000827,INV-000827,2025-03-16,1634.80,USD,bank_transfer
PAY-000828,INV-000828,2025-04-15,2822.22,USD,check
PAY-000829,INV-000829,2026-01-03,4011.49,USD,check
PAY-000830,INV-000830,2025-03-02,1636.18,USD,check
PAY-000831,INV-000831,2025-05-08,313.59,USD,card
PAY-000832,INV-000832,2025-04-08,2386.97,USD,bank_transfer
PAY-000833,INV-000833,2025-07-20,3502.17,USD,check
PAY-000834,INV-000834,2025-05-15,636.22,USD,bank_transfer
PAY-000835,INV-000835,2026-01-26,69.50,USD,card
PAY-000836,INV-000836,2025-10-11,2721.73,USD,bank_transfer
PAY-000837,INV-000837,2025-07-27,675.48,USD,check
PAY-000838,INV-000838,2025-03-23,4054.51,USD,card
PAY-000839,INV-000839,2025-06-05,2756.50,USD,check
PAY-000840,INV-000840,2025-11-23,3300.07,USD,card
PAY-000841,INV-000841,2025-10-20,1898.08,USD,check
PAY-000842,INV-000842,2025-04-12,1937.74,USD,bank_transfer
PAY-000843,INV-000843,2025-10-28,3544.33,USD,bank_transfer
PAY-000844,INV-000844,2025-09-18,23.46,USD,bank_transfer
PAY-000845,INV-000845,2025-02-17,2483.40,USD,bank_transfer
PAY-000846,INV-000846,2025-05-07,4891.96,USD,check
PAY-000847,INV-000847,2025-12-22,2208.70,USD,bank_transfer
PAY-000848,INV-000848,2025-08-22,4811.71,USD,card
PAY-000849,INV-000849,2025-02-16,3006.49,USD,check
PAY-000850,INV-000850,2025-12-22,4738.76,USD,bank_transfer
PAY-000851,INV-000851,2025-09-26,250.79,USD,card
PAY-000852,INV-000852,2025-06-14,4065.51,USD,bank_transfer
PAY-000853,INV-000853,2025-11-03,2404.66,USD,bank_transfer
PAY-000854,INV-000854,2025-07-08,2965.97,USD,bank_transfer
PAY-000855,INV-000855,2025-09-26,1940.81,USD,bank_transfer
PAY-000856,INV-000856,2025-10-16,3997.11,USD,bank_transfer
PAY-000857,INV-000857,2025-09-01,135.35,USD,card
PAY-000858,INV-000858,2025-11-22,4411.78,USD,card
PAY-000859,INV-000859,2025-01-25,3988.97,USD,check
PAY-000860,INV-000860,2025-07-10,554.99,USD,bank_transfer
PAY-000861,INV-000861,2025-08-12,2589.64,USD,check
PAY-000862,INV-000862,2025-06-07,497.72,USD,check
PAY-000863,INV-000863,2025-08-29,3684.45,USD,check
PAY-000864,INV-000864,2025-03-17,3054.91,USD,bank_transfer
PAY-000865,INV-000865,2025-11-27,4308.96,USD,check
PAY-000866,INV-000866,2025-11-29,336.54,USD,bank_transfer
PAY-000867,INV-000867,2025-05-22,1539.22,USD,card
PAY-000868,INV-000868,2026-01-14,4371.55,USD,card
PAY-000869,INV-000869,2025-08-24,1435.83,USD,bank_transfer
PAY-000870,INV-000870,2025-04-17,4099.11,USD,bank_transfer
PAY-000871,INV-000871,2025-04-18,563.95,USD,card
PAY-000872,INV-000872,2025-07-14,2141.29,USD,card
PAY-000873,INV-000873,2025-05-16,2379.34,USD,card
PAY-000874,INV-000874,2025-04-15,484.06,USD,card
PAY-000875,INV-000875,2025-12-29,3663.64,USD,bank_transfer
PAY-000876,INV-000876,2025-08-01,787.64,USD,bank_transfer
PAY-000877,INV-000877,2025-07-05,2087.46,USD,check
PAY-000878,INV-000878,2025-06-04,1374.02,USD,card
PAY-000879,INV-000879,2025-09-24,2924.79,USD,bank_transfer
PAY-000880,INV-000880,2025-02-26,2432.43,USD,bank_transfer
PAY-000881,INV-000881,2025-01-21,333.32,USD,bank_transfer
PAY-000882,INV-000882,2025-05-05,4328.42,USD,check
PAY-000883,INV-000883,2025-11-24,4925.59,USD,check
PAY-000884,INV-000884,2025-10-29,1366.96,USD,bank_transfer
PAY-000885,INV-000885,2025-05-10,4741.67,USD,bank_transfer
PAY-000886,INV-000886,2025-02-24,4755.21,USD,bank_transfer
PAY-000887,INV-000887,2025-09-30,275.48,USD,card
PAY-000888,INV-000888,2025-08-15,2611.13,USD,check
PAY-000889,INV-000889,2025-08-20,916.00,USD,bank_transfer
PAY-000890,INV-000890,2025-05-30,1477.24,USD,bank_transfer
PAY-000891,INV-000891,2025-11-26,3256.26,USD,check
PAY-000892,INV-000892,2025-07-06,2625.62,USD,card
PAY-000893,INV-000893,2025-02-25,469.91,USD,bank_transfer
PAY-000894,INV-000894,2025-09-05,1055.73,USD,bank_transfer
PAY-000895,INV-000895,2025-11-20,4215.67,USD,card
PAY-000896,INV-000896,2025-08-03,2524.92,USD,card
PAY-000897,INV-000897,2025-11-10,2643.98,USD,card
PAY-000898,INV-000898,2025-05-11,146.64,USD,bank_transfer
PAY-000899,INV-000899,2025-02-02,4706.38,USD,bank_transfer
PAY-000900,INV-000900,2025-10-06,2785.74,USD,bank_transfer
PAY-000901,INV-000901,2025-05-04,534.99,USD,bank_transfer
PAY-000902,INV-000902,2025-05-20,2808.07,USD,bank_transfer
PAY-000903,INV-000903,2025-11-13,4448.12,USD,bank_transfer
PAY-000904,INV-000904,2025-04-21,1250.20,USD,check
PAY-000905,INV-000905,2025-12-25,1891.05,USD,check
PAY-000906,INV-000906,2026-01-30,1853.82,USD,bank_transfer
PAY-000907,INV-000907,2025-11-16,4982.18,USD,check
PAY-000908,INV-000908,2025-06-10,930.42,USD,bank_transfer
PAY-000909,INV-000909,2025-02-12,1229.61,USD,bank_transfer
PAY-000910,INV-000910,2025-10-18,2516.03,USD,check
PAY-000911,INV-000911,2025-05-05,4238.09,USD,check
PAY-000912,INV-000912,2025-04-04,4827.05,USD,bank_transfer
PAY-000913,INV-000913,2025-03-26,3085.52,USD,bank_transfer
PAY-000914,INV-000914,2025-10-01,4522.38,USD,card
PAY-000915,INV-000915,2026-01-21,4948.39,USD,check
PAY-000916,INV-000916,2025-03-13,1774.54,USD,bank_transfer
PAY-000917,INV-000917,2025-05-01,3849.63,USD,card
PAY-000918,INV-000918,2026-01-13,1673.47,USD,check
PAY-000919,INV-000919,2026-01-13,4674.06,USD,bank_transfer
PAY-000920,INV-000920,2025-12-31,3097.79,USD,card
PAY-000921,INV-000921,2025-12-30,1554.11,USD,check
PAY-000922,INV-000922,2025-02-06,4984.38,USD,card
PAY-000923,INV-000923,2025-11-25,179.77,USD,card
PAY-000924,INV-000924,2025-12-16,1168.12,USD,bank_transfer
PAY-000925,INV-000925,2025-09-16,747.37,USD,bank_transfer
PAY-000926,INV-000926,2025-08-06,1685.19,USD,bank_transfer
PAY-000927,INV-000927,2026-01-19,3522.85,USD,card
PAY-000928,INV-000928,2025-01-21,1400.47,USD,check
PAY-000929,INV-000929,2025-02-10,1847.53,USD,check
PAY-000930,INV-000930,2025-01-29,262.43,USD,check
PAY-000931,INV-000931,2025-09-03,882.09,USD,card
PAY-000932,INV-000932,2025-07-05,2872.73,USD,card
PAY-000933,INV-000933,2025-12-05,3422.95,USD,bank_transfer
PAY-000934,INV-000934,2025-03-27,2376.04,USD,card
PAY-000935,INV-000935,2025-01-17,1680.99,USD,bank_transfer
PAY-000936,INV-000936,2025-07-05,901.84,USD,check
PAY-000937,INV-000937,2025-03-01,2878.09,USD,check
PAY-000938,INV-000938,2025-12-26,4693.07,USD,bank_transfer
PAY-000939,INV-000939,2025-08-19,4951.11,USD,check
PAY-000940,INV-000940,2025-08-17,833.67,USD,card
PAY-000941,INV-000941,2025-05-30,1006.06,USD,check
PAY-000942,INV-000942,2025-10-22,1400.75,USD,card
PAY-000943,INV-000943,2025-05-27,512.87,USD,check
PAY-000944,INV-000944,2025-10-18,4413.25,USD,bank_transfer
PAY-000945,INV-000945,2025-07-09,30.00,USD,card
PAY-000946,INV-000946,2026-01-04,3287.27,USD,bank_transfer
PAY-000947,INV-000947,2025-03-01,144.92,USD,check
PAY-000948,INV-000948,2025-06-06,439.58,USD,card
PAY-000949,INV-000949,2025-09-03,2479.10,USD,card
PAY-000950,INV-000950,2025-03-12,3375.22,USD,bank_transfer
PAY-000951,INV-000951,2025-08-01,4652.53,USD,bank_transfer
PAY-000952,INV-000952,2025-09-14,243.92,USD,card
PAY-000953,INV-000953,2025-06-20,1196.16,USD,bank_transfer
PAY-000954,INV-000954,2025-04-30,3953.87,USD,bank_transfer
PAY-000955,INV-000955,2025-03-19,3512.98,USD,card
PAY-000956,INV-000956,2025-11-01,1202.82,USD,card
PAY-000957,INV-000957,2025-11-07,2204.83,USD,card
PAY-000958,INV-000958,2025-11-20,4632.40,USD,card
PAY-000959,INV-000959,2025-02-12,2079.91,USD,check
PAY-000960,INV-000960,2025-11-25,4730.97,USD,check
PAY-000961,INV-000961,2025-12-12,783.05,USD,bank_transfer
PAY-000962,INV-000962,2025-04-04,1120.91,USD,bank_transfer
PAY-000963,INV-000963,2025-09-01,420.87,USD,bank_transfer
PAY-000964,INV-000964,2025-12-04,785.30,USD,card
PAY-000965,INV-000965,2025-03-11,466.27,USD,card
PAY-000966,INV-000966,2025-11-12,1719.84,USD,card
PAY-000967,INV-000967,2025-02-15,4133.79,USD,check
PAY-000968,INV-000968,2025-10-02,4108.28,USD,card
PAY-000969,INV-000969,2025-04-24,786.99,USD,check
PAY-000970,INV-000970,2025-03-29,4859.28,USD,bank_transfer
PAY-000971,INV-000971,2025-06-18,4558.06,USD,card
PAY-000972,INV-000972,2025-06-16,2018.25,USD,check
PAY-000973,INV-000973,2025-11-19,2490.12,USD,card
PAY-000974,INV-000974,2025-09-02,764.20,USD,check
PAY-000975,INV-000975,2026-01-16,2116.16,USD,card
PAY-000976,INV-000976,2026-01-19,1255.59,USD,card
PAY-000977,INV-000977,2025-07-29,116.07,USD,card
PAY-000978,INV-000978,2025-07-07,4428.94,USD,check
PAY-000979,INV-000979,2025-02-28,4565.53,USD,card
PAY-000980,INV-000980,2025-09-01,4068.15,USD,check
PAY-000981,INV-000981,2025-08-07,3181.83,USD,bank_transfer
PAY-000982,INV-000982,2025-09-15,1118.29,USD,check
PAY-000983,INV-000983,2025-08-12,4314.49,USD,bank_transfer
PAY-000984,INV-000984,2025-03-07,1641.18,USD,card
PAY-000985,INV-000985,2025-04-16,4102.15,USD,bank_transfer
PAY-000986,INV-000986,2025-04-02,1020.63,USD,bank_transfer
PAY-000987,INV-000987,2025-02-09,2403.10,USD,check
PAY-000988,INV-000988,2025-05-11,1446.43,USD,check
PAY-000989,INV-000989,2025-09-04,3341.37,USD,bank_transfer
PAY-000990,INV-000990,2025-06-11,1962.79,USD,card
PAY-000991,INV-000991,2025-05-08,4573.82,USD,check
PAY-000992,INV-000992,2025-07-15,1814.85,USD,check
PAY-000993,INV-000993,2025-12-20,483.91,USD,card
PAY-000994,INV-000994,2025-02-08,864.10,USD,bank_transfer
PAY-000995,INV-000995,2025-12-11,1190.23,USD,card
PAY-000996,INV-000996,2025-12-01,2156.99,USD,check
PAY-000997,INV-000997,2025-02-15,2495.63,USD,bank_transfer
PAY-000998,INV-000998,2025-11-18,4208.83,USD,card
PAY-000999,INV-000999,2025-12-23,4230.96,USD,check
PAY-001000,INV-001000,2025-12-20,1453.77,USD,card
